ID,AgeOldestIdentityRecord,AgeOldestAccount,AgeNewestAutoAccount,TotalInquiries,AvgAgeAutoAccounts,TotalAutoAccountsNeverDelinquent,WorstDelinquency,HasInquiryTelecomm
8327312,240.0,72.0,,0.0,,,400.0,0.0
8328898,282.0,158.0,70.0,1.0,114.0,1.0,400.0,0.0
8327495,345.0,260.0,,0.0,,,1.0,0.0
8325383,381.0,47.0,,0.0,,,1.0,0.0
8327958,206.0,210.0,71.0,0.0,71.0,0.0,1.0,0.0
8328604,321.0,87.0,13.0,2.0,37.0,3.0,400.0,0.0
8322632,21.0,19.0,,0.0,,,1.0,0.0
8326445,319.0,242.0,118.0,0.0,118.0,0.0,1.0,0.0
8322232,603.0,,,,,,,0.0
8328117,180.0,55.0,,0.0,,,120.0,0.0
8322909,357.0,80.0,5.0,2.0,42.0,1.0,400.0,0.0
8328667,61.0,45.0,13.0,0.0,13.0,1.0,120.0,0.0
8327921,87.0,88.0,39.0,1.0,39.0,0.0,30.0,0.0
8331252,248.0,131.0,15.0,1.0,15.0,0.0,400.0,0.0
8331291,71.0,28.0,28.0,0.0,28.0,0.0,400.0,0.0
8323683,26.0,,,,,,,1.0
8332588,214.0,104.0,,0.0,,,400.0,0.0
8326104,170.0,150.0,74.0,0.0,74.0,0.0,1.0,0.0
8324581,347.0,356.0,25.0,0.0,39.0,1.0,30.0,0.0
8328758,18.0,,,,,,,0.0
8323143,279.0,101.0,101.0,0.0,101.0,0.0,1.0,0.0
8325555,224.0,128.0,14.0,1.0,66.0,4.0,400.0,0.0
8322846,182.0,80.0,,0.0,,,1.0,0.0
8326929,147.0,77.0,44.0,0.0,44.0,0.0,1.0,0.0
8326335,52.0,42.0,,1.0,,,30.0,0.0
8326269,34.0,34.0,34.0,0.0,34.0,0.0,30.0,0.0
8329372,57.0,54.0,2.0,0.0,26.0,1.0,1.0,0.0
8325820,120.0,,,,,,,0.0
8327907,380.0,69.0,51.0,0.0,51.0,1.0,400.0,0.0
8332774,372.0,122.0,103.0,0.0,113.0,1.0,1.0,0.0
8328872,243.0,126.0,26.0,0.0,65.0,3.0,400.0,0.0
8331195,320.0,127.0,32.0,0.0,52.0,0.0,400.0,0.0
8325258,85.0,23.0,,0.0,,,90.0,0.0
8325792,147.0,155.0,,0.0,,,400.0,1.0
8332374,166.0,53.0,,0.0,,,400.0,0.0
8332460,122.0,123.0,39.0,0.0,45.0,1.0,1.0,0.0
8326640,227.0,96.0,76.0,0.0,83.0,2.0,60.0,0.0
8324377,120.0,,,0.0,,,1.0,1.0
8329255,137.0,112.0,3.0,0.0,58.0,0.0,400.0,0.0
8330060,188.0,190.0,44.0,0.0,44.0,1.0,1.0,0.0
8322682,287.0,181.0,181.0,0.0,181.0,1.0,1.0,0.0
8324915,2.0,,,0.0,,,,0.0
8325114,376.0,553.0,9.0,1.0,83.0,4.0,1.0,0.0
8332423,238.0,231.0,92.0,0.0,92.0,0.0,1.0,0.0
8323330,168.0,118.0,118.0,1.0,118.0,0.0,1.0,0.0
8328420,341.0,161.0,83.0,0.0,122.0,1.0,1.0,0.0
8325267,43.0,44.0,,0.0,,,400.0,0.0
8331069,320.0,287.0,70.0,0.0,114.0,1.0,400.0,0.0
8331905,209.0,42.0,42.0,0.0,42.0,1.0,30.0,0.0
8325613,168.0,,,0.0,,,,0.0
8332289,111.0,101.0,8.0,0.0,25.0,1.0,1.0,0.0
8322772,66.0,66.0,,0.0,,,400.0,0.0
8330730,143.0,106.0,29.0,0.0,29.0,1.0,1.0,0.0
8327246,430.0,201.0,42.0,1.0,113.0,1.0,400.0,0.0
8329729,77.0,74.0,,0.0,,,1.0,0.0
8321671,78.0,70.0,,0.0,,,1.0,0.0
8328640,159.0,86.0,47.0,1.0,67.0,2.0,30.0,0.0
8326462,187.0,204.0,,0.0,,,400.0,0.0
8323796,105.0,,,,,,,0.0
8331618,11.0,11.0,,0.0,,,1.0,0.0
8331617,157.0,11.0,,0.0,,,1.0,0.0
8331416,314.0,205.0,87.0,2.0,107.0,3.0,400.0,0.0
8332303,319.0,108.0,,0.0,,,400.0,0.0
8324240,135.0,,,,,,,0.0
8326005,254.0,239.0,225.0,0.0,225.0,0.0,400.0,0.0
8332311,331.0,,,0.0,,,1.0,0.0
8321665,169.0,171.0,66.0,0.0,88.0,1.0,400.0,0.0
8325096,167.0,129.0,25.0,2.0,99.0,3.0,400.0,0.0
8332011,194.0,104.0,2.0,0.0,46.0,3.0,400.0,0.0
8331356,211.0,129.0,23.0,2.0,63.0,1.0,400.0,0.0
8321782,184.0,173.0,27.0,0.0,71.0,3.0,400.0,0.0
8331902,197.0,198.0,15.0,0.0,68.0,2.0,400.0,0.0
8326545,270.0,230.0,69.0,0.0,76.0,0.0,1.0,0.0
8324273,281.0,169.0,64.0,1.0,112.0,1.0,120.0,0.0
8332399,204.0,87.0,39.0,0.0,47.0,1.0,400.0,0.0
8332579,,,,0.0,,,,
8322478,300.0,222.0,13.0,0.0,76.0,2.0,400.0,0.0
8323835,382.0,132.0,96.0,0.0,114.0,1.0,1.0,0.0
8325088,240.0,124.0,72.0,0.0,100.0,2.0,1.0,0.0
8330120,225.0,169.0,169.0,0.0,169.0,0.0,1.0,0.0
8325451,359.0,,,0.0,,,1.0,0.0
8323415,99.0,80.0,,0.0,,,120.0,0.0
8321885,213.0,112.0,,0.0,,,400.0,0.0
8332622,355.0,146.0,146.0,0.0,146.0,1.0,400.0,0.0
8325185,358.0,230.0,10.0,5.0,72.0,1.0,400.0,0.0
8329393,314.0,171.0,50.0,0.0,85.0,2.0,1.0,0.0
8324703,,,,0.0,,,,
8324516,204.0,221.0,,0.0,,,120.0,0.0
8326732,184.0,68.0,,1.0,,,1.0,0.0
8326630,191.0,114.0,,0.0,,,1.0,1.0
8329852,34.0,33.0,3.0,0.0,3.0,1.0,30.0,0.0
8323267,202.0,67.0,13.0,0.0,13.0,2.0,1.0,0.0
8325354,47.0,,,,,,,0.0
8326778,380.0,183.0,25.0,0.0,99.0,2.0,1.0,0.0
8328521,298.0,126.0,7.0,1.0,45.0,1.0,30.0,0.0
8321882,260.0,122.0,31.0,0.0,79.0,4.0,400.0,0.0
8324985,10.0,,,0.0,,,,0.0
8323666,359.0,190.0,,0.0,,,1.0,0.0
8327807,199.0,91.0,47.0,0.0,47.0,0.0,400.0,0.0
8331954,283.0,192.0,86.0,0.0,121.0,0.0,1.0,0.0
8331151,306.0,380.0,,0.0,,,1.0,0.0
8332418,346.0,57.0,54.0,0.0,55.0,0.0,400.0,0.0
8323755,316.0,114.0,,0.0,,,400.0,0.0
8322025,190.0,181.0,,1.0,,,400.0,0.0
8323704,356.0,544.0,75.0,0.0,115.0,1.0,400.0,0.0
8322606,103.0,69.0,68.0,0.0,68.0,1.0,1.0,0.0
8329305,288.0,102.0,,0.0,,,1.0,0.0
8330043,318.0,47.0,,0.0,,,1.0,0.0
8326144,340.0,295.0,59.0,0.0,105.0,1.0,400.0,0.0
8323573,221.0,86.0,,2.0,,,400.0,1.0
8328431,80.0,79.0,,1.0,,,400.0,0.0
8331341,67.0,64.0,,0.0,,,1.0,0.0
8329130,45.0,46.0,31.0,0.0,31.0,0.0,1.0,0.0
8331231,354.0,38.0,,0.0,,,1.0,0.0
8324997,177.0,149.0,137.0,0.0,137.0,1.0,30.0,1.0
8328716,304.0,191.0,103.0,0.0,128.0,1.0,400.0,0.0
8328403,164.0,164.0,,2.0,,,1.0,0.0
8330192,220.0,122.0,,0.0,,,1.0,0.0
8329203,151.0,98.0,,0.0,,,400.0,0.0
8327397,,70.0,40.0,0.0,48.0,2.0,1.0,0.0
8324028,345.0,275.0,22.0,0.0,90.0,3.0,400.0,1.0
8327997,209.0,158.0,13.0,0.0,98.0,2.0,30.0,0.0
8331087,349.0,228.0,26.0,1.0,26.0,1.0,1.0,0.0
8324512,210.0,4.0,,0.0,,,1.0,0.0
8328896,212.0,311.0,21.0,1.0,87.0,1.0,1.0,0.0
8325253,320.0,329.0,111.0,0.0,111.0,1.0,400.0,0.0
8325522,351.0,191.0,14.0,0.0,14.0,1.0,1.0,0.0
8330773,73.0,65.0,,0.0,,,400.0,0.0
8324730,,,,,,,,1.0
8327912,207.0,100.0,86.0,1.0,91.0,1.0,30.0,0.0
8326323,352.0,253.0,94.0,0.0,94.0,1.0,400.0,0.0
8325931,334.0,130.0,84.0,1.0,100.0,1.0,60.0,0.0
8323529,262.0,177.0,85.0,0.0,85.0,0.0,1.0,0.0
8330688,25.0,15.0,,0.0,,,1.0,0.0
8327457,107.0,58.0,,0.0,,,400.0,0.0
8328555,36.0,17.0,,0.0,,,1.0,0.0
8323809,381.0,119.0,24.0,1.0,75.0,4.0,30.0,0.0
8327737,270.0,171.0,36.0,1.0,89.0,5.0,400.0,0.0
8322605,19.0,19.0,9.0,0.0,9.0,1.0,1.0,0.0
8325617,348.0,284.0,48.0,0.0,48.0,1.0,400.0,0.0
8322359,288.0,59.0,,0.0,,,400.0,0.0
8329162,353.0,,,0.0,,,,0.0
8322841,245.0,39.0,,0.0,,,1.0,0.0
8321597,185.0,109.0,13.0,1.0,61.0,2.0,1.0,0.0
8331048,63.0,63.0,,0.0,,,1.0,1.0
8325758,374.0,344.0,,3.0,,,30.0,0.0
8321683,392.0,358.0,120.0,0.0,149.0,2.0,1.0,0.0
8323785,249.0,,,0.0,,,,0.0
8321815,132.0,117.0,27.0,0.0,61.0,1.0,60.0,1.0
8323073,241.0,235.0,30.0,1.0,30.0,0.0,60.0,0.0
8322311,95.0,95.0,12.0,0.0,54.0,0.0,400.0,0.0
8331998,38.0,,,0.0,,,,0.0
8332515,345.0,72.0,52.0,2.0,52.0,1.0,1.0,0.0
8324042,324.0,111.0,64.0,0.0,82.0,3.0,1.0,0.0
8322021,153.0,,,0.0,,,,0.0
8329046,248.0,237.0,36.0,3.0,88.0,2.0,400.0,0.0
8330917,250.0,103.0,103.0,0.0,103.0,1.0,1.0,0.0
8329027,103.0,41.0,,0.0,,,1.0,0.0
8323286,285.0,236.0,,0.0,,,400.0,0.0
8328933,215.0,221.0,66.0,0.0,92.0,0.0,1.0,0.0
8330445,15.0,35.0,35.0,0.0,35.0,1.0,1.0,0.0
8331198,297.0,,,0.0,,,,0.0
8327933,196.0,190.0,43.0,0.0,71.0,1.0,1.0,0.0
8323876,278.0,72.0,69.0,0.0,71.0,0.0,400.0,0.0
8331704,139.0,102.0,,0.0,,,60.0,0.0
8329351,183.0,,,,,,,0.0
8323904,373.0,81.0,81.0,0.0,81.0,1.0,1.0,0.0
8330185,318.0,119.0,54.0,0.0,54.0,0.0,400.0,0.0
8326388,247.0,85.0,36.0,2.0,51.0,2.0,400.0,0.0
8323247,361.0,159.0,13.0,0.0,64.0,9.0,1.0,0.0
8327207,19.0,16.0,,0.0,,,120.0,1.0
8328740,7.0,,,,,,,0.0
8331761,155.0,134.0,64.0,2.0,64.0,1.0,60.0,0.0
8324690,338.0,135.0,34.0,0.0,34.0,1.0,400.0,0.0
8325961,111.0,86.0,37.0,0.0,37.0,0.0,120.0,0.0
8328186,104.0,81.0,81.0,0.0,81.0,0.0,1.0,0.0
8331985,85.0,83.0,,0.0,,,1.0,0.0
8330317,70.0,70.0,52.0,0.0,52.0,0.0,400.0,0.0
8327788,375.0,125.0,8.0,0.0,62.0,3.0,1.0,0.0
8332481,127.0,,,0.0,,,,0.0
8331369,155.0,118.0,,0.0,,,1.0,0.0
8332382,314.0,86.0,74.0,0.0,74.0,0.0,1.0,0.0
8322496,354.0,248.0,106.0,0.0,137.0,4.0,1.0,0.0
8326483,221.0,131.0,86.0,1.0,101.0,1.0,400.0,0.0
8326983,282.0,129.0,16.0,0.0,16.0,1.0,60.0,0.0
8322328,328.0,268.0,25.0,0.0,25.0,0.0,400.0,0.0
8332151,293.0,291.0,118.0,0.0,118.0,1.0,1.0,0.0
8327872,311.0,214.0,,0.0,,,400.0,0.0
8331066,120.0,119.0,,1.0,,,1.0,0.0
8322586,199.0,94.0,15.0,1.0,45.0,0.0,400.0,0.0
8323161,269.0,162.0,29.0,0.0,68.0,2.0,400.0,0.0
8325157,313.0,128.0,,0.0,,,400.0,1.0
8325881,300.0,87.0,59.0,0.0,69.0,1.0,400.0,0.0
8331000,379.0,70.0,41.0,0.0,41.0,0.0,30.0,0.0
8324811,176.0,,,0.0,,,,0.0
8332569,177.0,89.0,,0.0,,,400.0,0.0
8328346,231.0,207.0,72.0,0.0,86.0,1.0,400.0,0.0
8328269,344.0,155.0,95.0,0.0,109.0,6.0,1.0,0.0
8328606,373.0,327.0,16.0,0.0,84.0,3.0,1.0,0.0
8330103,144.0,56.0,,1.0,,,1.0,0.0
8323706,65.0,43.0,41.0,0.0,41.0,1.0,1.0,0.0
8332724,151.0,69.0,,0.0,,,400.0,0.0
8328074,269.0,117.0,15.0,1.0,35.0,1.0,400.0,0.0
8326866,83.0,58.0,37.0,0.0,48.0,1.0,400.0,0.0
8328044,112.0,73.0,,0.0,,,1.0,0.0
8332603,146.0,108.0,94.0,2.0,101.0,1.0,1.0,0.0
8330352,103.0,6.0,6.0,0.0,6.0,0.0,60.0,0.0
8325146,302.0,154.0,154.0,0.0,154.0,0.0,400.0,0.0
8322215,305.0,304.0,,1.0,,,1.0,0.0
8327608,205.0,133.0,49.0,0.0,49.0,0.0,400.0,1.0
8329727,53.0,39.0,,0.0,,,1.0,0.0
8331999,249.0,41.0,41.0,0.0,41.0,0.0,1.0,0.0
8330147,4.0,,,,,,,0.0
8321924,,,,,,,,0.0
8328825,274.0,240.0,88.0,1.0,88.0,0.0,1.0,0.0
8331684,380.0,238.0,31.0,0.0,59.0,2.0,120.0,0.0
8328313,195.0,,,,,,,0.0
8330162,197.0,182.0,115.0,1.0,115.0,0.0,400.0,0.0
8325755,380.0,199.0,,0.0,,,1.0,0.0
8327927,293.0,131.0,105.0,0.0,105.0,0.0,1.0,0.0
8331386,183.0,103.0,13.0,0.0,57.0,3.0,400.0,0.0
8331303,238.0,54.0,37.0,0.0,37.0,0.0,400.0,0.0
8328468,314.0,128.0,33.0,0.0,88.0,0.0,400.0,0.0
8323126,192.0,33.0,,0.0,,,400.0,0.0
8324021,305.0,114.0,88.0,0.0,103.0,0.0,400.0,0.0
8324933,43.0,44.0,,2.0,,,400.0,1.0
8324183,374.0,210.0,17.0,0.0,40.0,0.0,400.0,0.0
8326294,216.0,112.0,45.0,0.0,90.0,0.0,400.0,0.0
8331377,299.0,225.0,,2.0,,,1.0,0.0
8325402,312.0,202.0,146.0,0.0,150.0,1.0,1.0,0.0
8324892,346.0,53.0,23.0,0.0,39.0,2.0,1.0,0.0
8329023,348.0,170.0,100.0,0.0,128.0,2.0,1.0,0.0
8331753,259.0,204.0,17.0,0.0,17.0,0.0,60.0,0.0
8330164,306.0,85.0,85.0,2.0,85.0,0.0,1.0,0.0
8328407,183.0,99.0,27.0,1.0,68.0,1.0,400.0,0.0
8325696,202.0,51.0,49.0,0.0,49.0,0.0,400.0,0.0
8321910,308.0,285.0,141.0,0.0,141.0,1.0,1.0,0.0
8322972,299.0,208.0,1.0,2.0,80.0,3.0,400.0,0.0
8326332,14.0,,,0.0,,,,0.0
8324190,187.0,188.0,30.0,1.0,59.0,1.0,1.0,0.0
8324477,124.0,77.0,,4.0,,,400.0,1.0
8321943,202.0,89.0,27.0,0.0,65.0,1.0,400.0,0.0
8321713,264.0,235.0,,1.0,,,1.0,0.0
8331487,192.0,75.0,75.0,0.0,75.0,0.0,400.0,0.0
8326073,86.0,82.0,,1.0,,,400.0,0.0
8332135,154.0,85.0,,0.0,,,400.0,1.0
8332479,147.0,,,0.0,,,,0.0
8325184,165.0,62.0,,0.0,,,400.0,0.0
8327120,77.0,79.0,76.0,1.0,76.0,0.0,1.0,0.0
8331527,290.0,312.0,4.0,0.0,72.0,9.0,1.0,0.0
8323901,302.0,,,1.0,,,,0.0
8329947,177.0,33.0,27.0,0.0,27.0,1.0,400.0,0.0
8330521,134.0,132.0,88.0,0.0,98.0,1.0,400.0,1.0
8322237,374.0,176.0,13.0,0.0,95.0,2.0,1.0,0.0
8329252,321.0,131.0,21.0,0.0,60.0,2.0,120.0,0.0
8328703,31.0,129.0,,0.0,,,400.0,0.0
8331788,236.0,128.0,57.0,0.0,75.0,0.0,400.0,0.0
8325653,106.0,82.0,,0.0,,,400.0,0.0
8329129,330.0,232.0,133.0,0.0,133.0,1.0,60.0,0.0
8327215,331.0,171.0,10.0,0.0,40.0,0.0,400.0,0.0
8327325,355.0,116.0,50.0,1.0,71.0,7.0,1.0,0.0
8321605,91.0,92.0,,0.0,,,400.0,0.0
8322706,297.0,232.0,40.0,4.0,85.0,2.0,400.0,1.0
8331807,237.0,108.0,93.0,0.0,93.0,0.0,1.0,0.0
8324463,309.0,217.0,2.0,0.0,85.0,2.0,1.0,1.0
8324802,255.0,200.0,44.0,1.0,44.0,1.0,400.0,0.0
8331168,269.0,112.0,106.0,0.0,106.0,0.0,1.0,0.0
8330830,229.0,79.0,4.0,2.0,48.0,1.0,400.0,0.0
8321868,309.0,284.0,76.0,0.0,97.0,1.0,1.0,0.0
8329954,125.0,93.0,92.0,0.0,92.0,0.0,60.0,0.0
8327267,57.0,17.0,,0.0,,,400.0,0.0
8325561,15.0,,,0.0,,,,0.0
8329144,233.0,171.0,33.0,0.0,104.0,1.0,400.0,0.0
8326260,378.0,291.0,103.0,0.0,103.0,0.0,400.0,1.0
8326244,173.0,,,,,,,0.0
8323800,298.0,263.0,35.0,0.0,79.0,1.0,400.0,0.0
8327287,328.0,259.0,85.0,0.0,85.0,0.0,30.0,0.0
8330885,334.0,99.0,,0.0,,,1.0,0.0
8328952,147.0,,,0.0,,,,0.0
8326083,227.0,90.0,90.0,0.0,90.0,0.0,1.0,0.0
8325336,221.0,,,,,,,0.0
8330711,168.0,116.0,42.0,0.0,84.0,1.0,1.0,0.0
8322414,367.0,326.0,,0.0,,,1.0,0.0
8330123,87.0,88.0,8.0,2.0,48.0,3.0,1.0,0.0
8324255,322.0,83.0,13.0,0.0,60.0,0.0,400.0,0.0
8329420,21.0,,,,,,,0.0
8332528,334.0,186.0,88.0,3.0,88.0,0.0,400.0,1.0
8327130,243.0,95.0,84.0,0.0,89.0,0.0,1.0,0.0
8324544,142.0,,,,,,,0.0
8328400,355.0,156.0,,0.0,,,1.0,0.0
8330872,248.0,158.0,21.0,0.0,69.0,1.0,30.0,0.0
8325051,128.0,113.0,,0.0,,,1.0,0.0
8328514,347.0,148.0,,0.0,,,1.0,0.0
8331927,281.0,236.0,169.0,0.0,169.0,1.0,1.0,0.0
8327756,153.0,150.0,17.0,1.0,44.0,1.0,400.0,0.0
8332229,53.0,44.0,,0.0,,,400.0,0.0
8323955,353.0,103.0,103.0,0.0,103.0,0.0,400.0,0.0
8324562,243.0,45.0,,0.0,,,1.0,0.0
8325817,8.0,,,0.0,,,,0.0
8325900,50.0,30.0,26.0,0.0,26.0,0.0,1.0,0.0
8322325,22.0,,,,,,,0.0
8322126,303.0,313.0,33.0,0.0,39.0,1.0,1.0,0.0
8326681,233.0,169.0,,0.0,,,1.0,0.0
8330986,293.0,184.0,121.0,0.0,122.0,1.0,90.0,0.0
8331425,296.0,161.0,12.0,0.0,12.0,1.0,400.0,0.0
8323408,293.0,95.0,78.0,0.0,78.0,0.0,1.0,0.0
8330489,104.0,100.0,,0.0,,,400.0,0.0
8322491,202.0,,,0.0,,,,0.0
8332657,203.0,115.0,58.0,0.0,87.0,1.0,1.0,0.0
8330256,240.0,63.0,,0.0,,,1.0,0.0
8332006,130.0,,,,,,,0.0
8327423,301.0,133.0,103.0,1.0,103.0,0.0,1.0,0.0
8325628,278.0,117.0,109.0,0.0,109.0,0.0,1.0,0.0
8327180,101.0,,,0.0,,,,0.0
8332268,311.0,69.0,7.0,0.0,25.0,3.0,1.0,0.0
8321634,311.0,135.0,45.0,0.0,105.0,2.0,400.0,0.0
8330490,360.0,182.0,,0.0,,,1.0,0.0
8326014,7.0,,,0.0,,,,0.0
8325476,377.0,154.0,51.0,0.0,51.0,0.0,1.0,0.0
8322625,117.0,110.0,105.0,0.0,105.0,1.0,400.0,0.0
8331547,109.0,77.0,,0.0,,,400.0,0.0
8323460,342.0,140.0,,1.0,,,1.0,0.0
8327427,276.0,41.0,,0.0,,,1.0,0.0
8322420,380.0,300.0,24.0,0.0,103.0,5.0,400.0,0.0
8329939,382.0,152.0,11.0,2.0,55.0,2.0,400.0,0.0
8332670,159.0,,,0.0,,,,0.0
8327041,235.0,162.0,44.0,0.0,44.0,1.0,400.0,0.0
8325648,161.0,133.0,,0.0,,,1.0,0.0
8325462,223.0,219.0,68.0,0.0,68.0,0.0,1.0,0.0
8322982,166.0,164.0,80.0,2.0,81.0,0.0,400.0,0.0
8325022,96.0,90.0,10.0,0.0,10.0,1.0,1.0,0.0
8325029,206.0,194.0,,0.0,,,400.0,0.0
8332760,225.0,85.0,74.0,1.0,74.0,0.0,400.0,0.0
8331874,399.0,360.0,,0.0,,,1.0,0.0
8322620,230.0,153.0,100.0,0.0,107.0,2.0,1.0,0.0
8326592,291.0,185.0,21.0,0.0,70.0,3.0,400.0,0.0
8329944,339.0,215.0,45.0,0.0,106.0,4.0,30.0,0.0
8332067,6.0,,,1.0,,,,0.0
8331238,229.0,136.0,5.0,0.0,28.0,1.0,1.0,0.0
8322977,12.0,8.0,,0.0,,,1.0,0.0
8326392,244.0,217.0,,2.0,,,400.0,0.0
8327639,,,,,,,,0.0
8325104,297.0,,,0.0,,,,0.0
8321867,28.0,30.0,,1.0,,,1.0,1.0
8331164,218.0,98.0,57.0,0.0,80.0,1.0,400.0,0.0
8326853,202.0,230.0,,0.0,,,400.0,0.0
8330876,165.0,,,0.0,,,,0.0
8331661,140.0,186.0,121.0,0.0,121.0,1.0,30.0,0.0
8322960,246.0,82.0,,0.0,,,1.0,0.0
8332493,192.0,173.0,85.0,2.0,108.0,1.0,400.0,0.0
8329459,239.0,231.0,35.0,1.0,71.0,0.0,400.0,1.0
8331262,196.0,121.0,,0.0,,,400.0,0.0
8324602,350.0,,,,,,,0.0
8325769,17.0,11.0,,0.0,,,1.0,1.0
8323892,129.0,127.0,4.0,1.0,62.0,3.0,400.0,0.0
8328840,354.0,55.0,55.0,0.0,55.0,0.0,1.0,0.0
8325512,225.0,226.0,24.0,0.0,90.0,1.0,400.0,0.0
8325976,281.0,214.0,,0.0,,,400.0,0.0
8328249,189.0,179.0,52.0,2.0,52.0,0.0,400.0,0.0
8326288,161.0,109.0,72.0,0.0,91.0,1.0,1.0,0.0
8324943,194.0,175.0,18.0,0.0,19.0,0.0,30.0,0.0
8328006,94.0,23.0,3.0,0.0,3.0,1.0,120.0,0.0
8323753,111.0,74.0,,0.0,,,1.0,0.0
8322947,135.0,124.0,16.0,0.0,61.0,2.0,1.0,0.0
8331009,227.0,46.0,,0.0,,,400.0,0.0
8330426,315.0,72.0,72.0,1.0,72.0,0.0,1.0,0.0
8332106,316.0,150.0,,0.0,,,1.0,0.0
8331325,296.0,130.0,115.0,0.0,115.0,0.0,1.0,0.0
8327614,112.0,112.0,,1.0,,,1.0,1.0
8329655,374.0,367.0,9.0,0.0,60.0,4.0,1.0,0.0
8329635,100.0,97.0,50.0,0.0,50.0,0.0,400.0,0.0
8325595,237.0,106.0,,0.0,,,1.0,0.0
8324062,243.0,208.0,17.0,0.0,68.0,3.0,400.0,0.0
8328449,286.0,91.0,,2.0,,,400.0,0.0
8330188,246.0,247.0,,2.0,,,400.0,0.0
8329310,353.0,162.0,,0.0,,,1.0,0.0
8327408,262.0,106.0,106.0,0.0,106.0,0.0,1.0,0.0
8323265,209.0,142.0,77.0,1.0,83.0,0.0,400.0,0.0
8324446,292.0,142.0,,0.0,,,1.0,0.0
8330741,65.0,,,0.0,,,,0.0
8330867,312.0,110.0,36.0,0.0,76.0,3.0,1.0,0.0
8323535,313.0,240.0,10.0,0.0,55.0,0.0,400.0,0.0
8323347,218.0,450.0,17.0,0.0,71.0,2.0,1.0,0.0
8331382,174.0,138.0,,0.0,,,1.0,0.0
8322047,57.0,,,,,,,0.0
8330056,137.0,87.0,35.0,0.0,35.0,1.0,1.0,0.0
8327030,133.0,39.0,39.0,0.0,39.0,1.0,1.0,0.0
8323036,305.0,114.0,15.0,0.0,20.0,2.0,1.0,0.0
8329485,380.0,98.0,83.0,0.0,91.0,0.0,400.0,0.0
8329878,125.0,125.0,125.0,0.0,125.0,1.0,1.0,0.0
8322742,339.0,361.0,19.0,0.0,57.0,5.0,1.0,0.0
8321962,46.0,45.0,,0.0,,,1.0,0.0
8322801,339.0,221.0,20.0,0.0,20.0,1.0,1.0,0.0
8331063,268.0,108.0,29.0,4.0,29.0,0.0,400.0,0.0
8330139,94.0,92.0,61.0,0.0,61.0,1.0,30.0,0.0
8326541,107.0,40.0,10.0,0.0,10.0,3.0,400.0,0.0
8330088,3.0,,,1.0,,,,1.0
8324889,100.0,58.0,58.0,0.0,58.0,1.0,1.0,0.0
8325134,220.0,156.0,16.0,1.0,99.0,1.0,1.0,0.0
8327349,69.0,32.0,,0.0,,,60.0,0.0
8323304,202.0,,,0.0,,,,0.0
8330921,360.0,217.0,,0.0,,,400.0,0.0
8330382,16.0,16.0,,0.0,,,1.0,0.0
8324011,159.0,,,1.0,,,,0.0
8323181,181.0,137.0,,1.0,,,1.0,0.0
8322531,249.0,3.0,,0.0,,,1.0,0.0
8328610,243.0,198.0,,0.0,,,30.0,0.0
8322997,41.0,30.0,,0.0,,,1.0,0.0
8327193,292.0,270.0,,1.0,,,400.0,0.0
8332781,304.0,74.0,,0.0,,,1.0,0.0
8327784,66.0,,,0.0,,,,0.0
8326775,192.0,161.0,38.0,1.0,48.0,1.0,1.0,0.0
8323322,376.0,134.0,44.0,0.0,105.0,2.0,1.0,0.0
8329539,331.0,113.0,66.0,0.0,66.0,0.0,1.0,0.0
8329658,223.0,185.0,,0.0,,,1.0,0.0
8327525,372.0,303.0,96.0,0.0,122.0,1.0,120.0,0.0
8331273,62.0,63.0,54.0,0.0,54.0,0.0,60.0,0.0
8328871,338.0,156.0,,0.0,,,1.0,0.0
8326318,111.0,83.0,31.0,0.0,58.0,2.0,400.0,0.0
8331529,178.0,,,0.0,,,,0.0
8329804,50.0,,,0.0,,,,0.0
8325269,335.0,224.0,,1.0,,,1.0,0.0
8324047,99.0,91.0,40.0,2.0,40.0,0.0,60.0,0.0
8324486,240.0,105.0,,0.0,,,1.0,0.0
8322970,63.0,64.0,,0.0,,,1.0,0.0
8323226,109.0,101.0,,0.0,,,400.0,0.0
8328669,196.0,66.0,,0.0,,,400.0,0.0
8324051,225.0,79.0,43.0,1.0,61.0,1.0,400.0,1.0
8330311,210.0,217.0,33.0,0.0,82.0,0.0,400.0,0.0
8327028,377.0,392.0,133.0,0.0,133.0,1.0,1.0,0.0
8328422,446.0,109.0,15.0,0.0,31.0,3.0,1.0,0.0
8324641,282.0,168.0,,0.0,,,400.0,0.0
8323688,227.0,149.0,,1.0,,,1.0,0.0
8323389,278.0,109.0,106.0,0.0,106.0,0.0,1.0,0.0
8323505,178.0,82.0,82.0,0.0,82.0,0.0,1.0,0.0
8327175,305.0,100.0,,0.0,,,400.0,0.0
8327992,187.0,99.0,65.0,0.0,65.0,0.0,400.0,0.0
8325474,88.0,6.0,,0.0,,,1.0,0.0
8330071,220.0,,,,,,,0.0
8325553,158.0,94.0,,0.0,,,1.0,0.0
8328751,72.0,22.0,,0.0,,,1.0,0.0
8327184,288.0,139.0,,0.0,,,120.0,0.0
8331309,122.0,86.0,,1.0,,,1.0,0.0
8329707,345.0,94.0,39.0,2.0,43.0,0.0,400.0,0.0
8331058,71.0,42.0,42.0,0.0,42.0,0.0,400.0,0.0
8328472,193.0,99.0,69.0,0.0,69.0,1.0,400.0,0.0
8323834,356.0,164.0,114.0,0.0,116.0,2.0,1.0,0.0
8323915,379.0,212.0,17.0,0.0,44.0,1.0,120.0,0.0
8328291,349.0,213.0,11.0,0.0,71.0,3.0,1.0,0.0
8332514,273.0,116.0,116.0,0.0,116.0,0.0,400.0,0.0
8328309,80.0,,,0.0,,,,0.0
8329264,209.0,182.0,66.0,1.0,98.0,2.0,400.0,0.0
8325982,103.0,155.0,,0.0,,,1.0,0.0
8330177,132.0,,,,,,,0.0
8325765,55.0,54.0,,1.0,,,1.0,0.0
8326762,350.0,157.0,40.0,1.0,81.0,0.0,1.0,0.0
8323732,214.0,67.0,,1.0,,,1.0,0.0
8323296,78.0,63.0,,0.0,,,1.0,0.0
8322156,188.0,149.0,11.0,1.0,63.0,3.0,60.0,0.0
8322172,219.0,217.0,22.0,1.0,86.0,2.0,400.0,0.0
8324323,79.0,71.0,24.0,0.0,48.0,1.0,1.0,0.0
8322709,288.0,147.0,20.0,1.0,20.0,1.0,1.0,1.0
8327460,147.0,113.0,,0.0,,,400.0,0.0
8321599,490.0,247.0,,0.0,,,1.0,0.0
8330158,187.0,129.0,15.0,0.0,77.0,10.0,1.0,0.0
8321614,296.0,107.0,22.0,2.0,48.0,1.0,400.0,0.0
8331263,104.0,103.0,50.0,0.0,50.0,1.0,1.0,0.0
8325658,100.0,79.0,24.0,0.0,24.0,0.0,1.0,0.0
8328913,86.0,34.0,9.0,1.0,19.0,1.0,1.0,0.0
8331824,247.0,228.0,72.0,0.0,72.0,0.0,1.0,0.0
8326625,256.0,164.0,,1.0,,,1.0,0.0
8323514,123.0,95.0,86.0,2.0,86.0,1.0,1.0,0.0
8326826,235.0,72.0,,0.0,,,400.0,0.0
8330235,242.0,210.0,,0.0,,,1.0,0.0
8322097,375.0,148.0,,0.0,,,1.0,0.0
8329150,349.0,463.0,148.0,0.0,148.0,1.0,400.0,0.0
8325092,55.0,,,0.0,,,,0.0
8321992,292.0,161.0,125.0,0.0,125.0,1.0,1.0,0.0
8327196,61.0,58.0,,0.0,,,400.0,0.0
8328424,285.0,177.0,22.0,0.0,64.0,0.0,1.0,0.0
8331816,158.0,7.0,7.0,0.0,7.0,1.0,1.0,0.0
8323691,15.0,8.0,,0.0,,,1.0,0.0
8321659,177.0,77.0,29.0,0.0,48.0,1.0,90.0,1.0
8329612,186.0,125.0,44.0,0.0,66.0,2.0,400.0,0.0
8331516,246.0,96.0,,0.0,,,1.0,0.0
8326096,86.0,54.0,,0.0,,,400.0,0.0
8323600,359.0,123.0,57.0,0.0,90.0,2.0,1.0,0.0
8325662,12.0,,,0.0,,,,0.0
8328503,169.0,76.0,,0.0,,,1.0,0.0
8330802,250.0,7.0,,0.0,,,30.0,0.0
8323187,238.0,94.0,83.0,0.0,89.0,1.0,1.0,0.0
8332602,100.0,108.0,56.0,1.0,67.0,2.0,400.0,0.0
8326940,284.0,203.0,,0.0,,,400.0,0.0
8323075,160.0,,,0.0,,,,1.0
8332812,142.0,105.0,,0.0,,,400.0,0.0
8322617,380.0,130.0,8.0,0.0,83.0,2.0,1.0,0.0
8321778,214.0,182.0,64.0,0.0,64.0,0.0,400.0,0.0
8321972,188.0,62.0,,0.0,,,400.0,0.0
8328156,344.0,114.0,72.0,0.0,73.0,0.0,400.0,0.0
8327127,348.0,90.0,25.0,2.0,62.0,0.0,400.0,0.0
8326918,319.0,217.0,55.0,0.0,66.0,2.0,400.0,0.0
8327853,359.0,194.0,95.0,0.0,106.0,1.0,1.0,0.0
8324366,127.0,99.0,99.0,0.0,99.0,0.0,400.0,0.0
8326798,165.0,176.0,11.0,0.0,61.0,2.0,400.0,0.0
8326729,64.0,,,0.0,,,,0.0
8323080,100.0,88.0,35.0,0.0,54.0,0.0,1.0,0.0
8325692,377.0,272.0,12.0,0.0,69.0,2.0,1.0,0.0
8323409,73.0,18.0,18.0,0.0,18.0,1.0,1.0,1.0
8322308,350.0,172.0,20.0,1.0,96.0,2.0,1.0,0.0
8328619,297.0,369.0,2.0,2.0,51.0,5.0,1.0,0.0
8322524,125.0,44.0,,1.0,,,1.0,0.0
8325962,72.0,57.0,,0.0,,,1.0,1.0
8332388,368.0,290.0,31.0,0.0,101.0,5.0,1.0,0.0
8329490,200.0,113.0,,0.0,,,1.0,0.0
8329588,314.0,,,0.0,,,,0.0
8325149,297.0,166.0,38.0,0.0,95.0,2.0,400.0,0.0
8326579,17.0,,,,,,,0.0
8324049,126.0,80.0,,2.0,,,400.0,0.0
8332319,124.0,121.0,,0.0,,,1.0,0.0
8323619,249.0,80.0,62.0,0.0,74.0,1.0,1.0,0.0
8329843,345.0,135.0,17.0,0.0,34.0,1.0,400.0,0.0
8329290,70.0,35.0,32.0,0.0,32.0,0.0,400.0,1.0
8323499,294.0,41.0,41.0,0.0,41.0,0.0,400.0,0.0
8321963,181.0,78.0,21.0,1.0,41.0,2.0,400.0,0.0
8326685,10.0,149.0,19.0,0.0,19.0,1.0,1.0,1.0
8324184,353.0,138.0,70.0,1.0,74.0,0.0,120.0,0.0
8330835,288.0,224.0,,1.0,,,1.0,0.0
8329417,246.0,81.0,64.0,1.0,64.0,0.0,1.0,0.0
8329288,46.0,12.0,,0.0,,,1.0,0.0
8325093,167.0,159.0,88.0,1.0,88.0,0.0,400.0,0.0
8323672,359.0,203.0,49.0,0.0,63.0,0.0,1.0,0.0
8329437,309.0,294.0,12.0,0.0,107.0,1.0,30.0,0.0
8329093,340.0,217.0,48.0,2.0,61.0,1.0,1.0,0.0
8329535,22.0,,,0.0,,,,0.0
8331587,125.0,96.0,79.0,0.0,87.0,1.0,400.0,0.0
8329056,161.0,6.0,6.0,0.0,6.0,1.0,1.0,0.0
8323883,226.0,,,,,,,0.0
8328780,219.0,,,,,,,0.0
8325879,56.0,57.0,,0.0,,,1.0,0.0
8327425,352.0,204.0,204.0,0.0,204.0,0.0,1.0,0.0
8324848,158.0,36.0,,0.0,,,30.0,0.0
8324081,102.0,97.0,14.0,0.0,14.0,1.0,1.0,0.0
8325073,201.0,220.0,74.0,0.0,80.0,0.0,400.0,0.0
8325959,131.0,33.0,,0.0,,,1.0,0.0
8331722,97.0,69.0,,0.0,,,1.0,0.0
8324470,352.0,118.0,2.0,1.0,60.0,2.0,400.0,0.0
8328664,63.0,60.0,,0.0,,,400.0,0.0
8327946,223.0,66.0,,0.0,,,400.0,0.0
8323130,76.0,66.0,,0.0,,,400.0,1.0
8325084,288.0,29.0,,0.0,,,400.0,1.0
8326589,368.0,105.0,84.0,0.0,84.0,0.0,1.0,0.0
8321991,56.0,27.0,8.0,0.0,11.0,1.0,400.0,0.0
8330552,357.0,114.0,71.0,1.0,90.0,2.0,30.0,0.0
8325638,282.0,176.0,94.0,0.0,94.0,0.0,1.0,0.0
8331162,374.0,172.0,54.0,0.0,85.0,2.0,1.0,0.0
8330294,174.0,167.0,,0.0,,,1.0,0.0
8322466,218.0,180.0,72.0,1.0,81.0,0.0,400.0,0.0
8322188,146.0,112.0,,1.0,,,1.0,0.0
8327401,69.0,41.0,,1.0,,,1.0,0.0
8330900,379.0,109.0,,0.0,,,400.0,0.0
8332469,265.0,264.0,64.0,0.0,103.0,4.0,30.0,0.0
8332486,325.0,51.0,,0.0,,,1.0,0.0
8329350,287.0,164.0,19.0,1.0,45.0,0.0,400.0,0.0
8324175,138.0,103.0,71.0,0.0,87.0,1.0,400.0,0.0
8327226,40.0,30.0,30.0,0.0,30.0,1.0,120.0,0.0
8322447,357.0,154.0,67.0,2.0,89.0,0.0,400.0,0.0
8325938,32.0,,,0.0,,,,0.0
8331207,149.0,18.0,18.0,2.0,18.0,1.0,1.0,0.0
8331122,161.0,30.0,29.0,0.0,29.0,1.0,30.0,0.0
8325911,314.0,,,,,,,0.0
8322118,293.0,183.0,17.0,2.0,76.0,1.0,400.0,0.0
8324499,128.0,125.0,28.0,0.0,52.0,1.0,1.0,0.0
8329905,233.0,155.0,155.0,0.0,155.0,1.0,1.0,0.0
8328322,296.0,294.0,13.0,0.0,55.0,1.0,1.0,0.0
8329210,147.0,49.0,,0.0,,,400.0,1.0
8332328,247.0,125.0,75.0,0.0,94.0,3.0,400.0,0.0
8328831,43.0,30.0,,0.0,,,1.0,0.0
8322137,130.0,130.0,24.0,0.0,80.0,2.0,400.0,0.0
8322937,18.0,,,0.0,,,,0.0
8321564,,,,0.0,,,,0.0
8329302,88.0,80.0,,0.0,,,400.0,0.0
8332700,21.0,23.0,,1.0,,,400.0,0.0
8325243,298.0,118.0,,0.0,,,1.0,0.0
8328224,296.0,45.0,,0.0,,,400.0,0.0
8322464,67.0,15.0,,0.0,,,1.0,0.0
8328899,261.0,214.0,39.0,0.0,89.0,1.0,1.0,0.0
8324957,265.0,232.0,,2.0,,,400.0,0.0
8323778,316.0,317.0,16.0,0.0,115.0,3.0,400.0,0.0
8325102,352.0,206.0,40.0,0.0,93.0,2.0,1.0,0.0
8329659,317.0,47.0,,1.0,,,400.0,0.0
8331736,310.0,225.0,109.0,1.0,109.0,0.0,1.0,0.0
8325337,221.0,117.0,27.0,1.0,60.0,1.0,60.0,0.0
8329153,315.0,286.0,7.0,1.0,20.0,8.0,60.0,0.0
8329625,349.0,130.0,9.0,2.0,78.0,6.0,400.0,1.0
8329152,38.0,31.0,4.0,0.0,4.0,1.0,1.0,0.0
8327670,391.0,102.0,94.0,0.0,98.0,1.0,400.0,0.0
8328946,206.0,116.0,98.0,0.0,98.0,0.0,1.0,0.0
8323545,334.0,180.0,78.0,0.0,96.0,0.0,400.0,0.0
8329552,232.0,233.0,11.0,1.0,42.0,0.0,400.0,0.0
8322724,351.0,185.0,77.0,0.0,95.0,1.0,1.0,0.0
8328864,181.0,98.0,98.0,0.0,98.0,0.0,1.0,0.0
8326677,349.0,41.0,,0.0,,,1.0,0.0
8330363,258.0,105.0,42.0,0.0,84.0,2.0,400.0,0.0
8329458,41.0,42.0,,0.0,,,1.0,0.0
8321780,209.0,192.0,93.0,1.0,128.0,1.0,1.0,0.0
8332698,245.0,139.0,102.0,0.0,117.0,1.0,1.0,0.0
8327117,200.0,134.0,,0.0,,,400.0,0.0
8323350,297.0,104.0,,0.0,,,1.0,1.0
8326174,254.0,86.0,21.0,1.0,21.0,2.0,400.0,0.0
8332775,378.0,102.0,41.0,0.0,41.0,1.0,30.0,0.0
8325052,382.0,121.0,25.0,3.0,73.0,2.0,1.0,0.0
8330643,272.0,165.0,70.0,0.0,117.0,2.0,400.0,0.0
8323021,65.0,65.0,,0.0,,,400.0,0.0
8329008,189.0,,,0.0,,,,0.0
8322472,330.0,133.0,130.0,0.0,130.0,1.0,1.0,0.0
8324614,249.0,141.0,119.0,0.0,134.0,2.0,400.0,0.0
8328520,288.0,148.0,29.0,1.0,98.0,6.0,400.0,0.0
8324707,136.0,125.0,122.0,0.0,122.0,0.0,1.0,0.0
8328738,302.0,138.0,11.0,0.0,11.0,0.0,30.0,0.0
8328504,297.0,105.0,36.0,0.0,62.0,1.0,400.0,0.0
8327390,235.0,70.0,,0.0,,,1.0,1.0
8326518,84.0,22.0,,0.0,,,400.0,0.0
8330449,138.0,111.0,25.0,1.0,54.0,0.0,400.0,0.0
8329623,35.0,,,0.0,,,,0.0
8324919,356.0,596.0,98.0,0.0,123.0,3.0,1.0,0.0
8323610,373.0,44.0,,0.0,,,1.0,0.0
8323426,212.0,59.0,,0.0,,,1.0,0.0
8327227,205.0,73.0,73.0,0.0,73.0,1.0,1.0,0.0
8326414,359.0,144.0,34.0,1.0,89.0,0.0,400.0,0.0
8323818,376.0,121.0,,0.0,,,400.0,0.0
8329846,69.0,49.0,34.0,0.0,34.0,0.0,1.0,0.0
8327879,301.0,114.0,7.0,3.0,54.0,3.0,1.0,0.0
8324566,290.0,160.0,68.0,0.0,68.0,0.0,1.0,0.0
8324669,22.0,22.0,,0.0,,,1.0,0.0
8326245,493.0,93.0,,0.0,,,1.0,0.0
8322082,252.0,94.0,,0.0,,,1.0,0.0
8321603,335.0,220.0,71.0,2.0,89.0,3.0,400.0,0.0
8327378,130.0,124.0,11.0,0.0,77.0,4.0,400.0,0.0
8324897,77.0,4.0,,0.0,,,1.0,0.0
8327496,302.0,231.0,,0.0,,,1.0,0.0
8330387,,1.0,,0.0,,,1.0,
8327723,87.0,42.0,,0.0,,,400.0,0.0
8331253,289.0,77.0,,0.0,,,1.0,0.0
8330599,247.0,211.0,13.0,0.0,52.0,2.0,400.0,0.0
8324538,107.0,45.0,,0.0,,,400.0,0.0
8330604,72.0,63.0,,0.0,,,1.0,0.0
8327850,151.0,110.0,,1.0,,,1.0,0.0
8323576,59.0,48.0,,1.0,,,1.0,0.0
8332516,298.0,,,0.0,,,,0.0
8323548,362.0,195.0,9.0,0.0,57.0,1.0,30.0,0.0
8327464,334.0,154.0,11.0,0.0,18.0,1.0,400.0,0.0
8324724,3.0,,,0.0,,,,0.0
8327972,342.0,207.0,,1.0,,,400.0,0.0
8330960,382.0,165.0,132.0,0.0,132.0,0.0,1.0,0.0
8329787,348.0,,,,,,,0.0
8330334,198.0,227.0,,0.0,,,400.0,0.0
8332199,152.0,66.0,,0.0,,,400.0,0.0
8332730,190.0,74.0,8.0,0.0,8.0,1.0,1.0,0.0
8325344,238.0,139.0,,0.0,,,400.0,0.0
8332408,288.0,152.0,44.0,1.0,96.0,1.0,120.0,0.0
8327751,221.0,92.0,,0.0,,,1.0,0.0
8322272,20.0,20.0,,0.0,,,400.0,0.0
8328160,19.0,9.0,,0.0,,,1.0,0.0
8326075,184.0,181.0,28.0,1.0,65.0,1.0,400.0,0.0
8330348,184.0,,,0.0,,,,0.0
8329990,185.0,111.0,,1.0,,,1.0,0.0
8331363,300.0,242.0,14.0,0.0,63.0,2.0,90.0,0.0
8330274,350.0,139.0,94.0,0.0,94.0,0.0,1.0,0.0
8332148,192.0,52.0,,0.0,,,400.0,0.0
8327787,302.0,237.0,,0.0,,,1.0,0.0
8325975,246.0,64.0,55.0,0.0,55.0,0.0,60.0,0.0
8326539,107.0,24.0,24.0,0.0,24.0,1.0,1.0,0.0
8325631,296.0,126.0,26.0,3.0,62.0,7.0,30.0,0.0
8325937,219.0,121.0,44.0,1.0,80.0,0.0,400.0,1.0
8321737,39.0,,,,,,,0.0
8331534,275.0,41.0,,0.0,,,1.0,0.0
8321733,269.0,124.0,,0.0,,,400.0,0.0
8330415,27.0,,,0.0,,,,0.0
8329876,350.0,83.0,46.0,0.0,56.0,0.0,400.0,0.0
8326272,148.0,149.0,,0.0,,,1.0,0.0
8325852,88.0,64.0,,0.0,,,400.0,0.0
8324588,289.0,195.0,108.0,0.0,148.0,2.0,1.0,0.0
8331112,316.0,91.0,47.0,3.0,76.0,2.0,1.0,0.0
8326895,345.0,101.0,60.0,0.0,60.0,0.0,400.0,0.0
8322516,248.0,82.0,,0.0,,,1.0,0.0
8330736,19.0,20.0,13.0,0.0,13.0,0.0,400.0,0.0
8326885,136.0,77.0,,0.0,,,1.0,0.0
8331469,380.0,139.0,,0.0,,,1.0,0.0
8322574,23.0,36.0,,0.0,,,1.0,0.0
8322914,219.0,121.0,5.0,0.0,5.0,1.0,1.0,0.0
8331544,377.0,128.0,27.0,0.0,76.0,2.0,1.0,0.0
8323882,334.0,131.0,11.0,0.0,11.0,0.0,120.0,0.0
8328191,312.0,99.0,8.0,1.0,8.0,1.0,400.0,0.0
8324863,329.0,303.0,44.0,0.0,129.0,5.0,1.0,1.0
8330622,314.0,,,,,,,0.0
8323517,111.0,94.0,,0.0,,,1.0,0.0
8323775,172.0,113.0,68.0,0.0,68.0,0.0,400.0,1.0
8329024,184.0,95.0,56.0,0.0,68.0,0.0,400.0,0.0
8331856,80.0,78.0,55.0,0.0,55.0,0.0,1.0,0.0
8325656,30.0,17.0,,0.0,,,400.0,0.0
8332074,261.0,261.0,25.0,0.0,73.0,2.0,1.0,0.0
8323584,278.0,90.0,,1.0,,,1.0,0.0
8327750,95.0,86.0,,0.0,,,1.0,0.0
8326675,200.0,114.0,,0.0,,,30.0,0.0
8327034,288.0,204.0,44.0,0.0,94.0,2.0,400.0,0.0
8332222,247.0,86.0,32.0,0.0,54.0,0.0,400.0,0.0
8328076,302.0,260.0,,0.0,,,400.0,0.0
8331052,82.0,38.0,33.0,0.0,33.0,0.0,400.0,0.0
8332751,61.0,48.0,48.0,2.0,48.0,0.0,400.0,0.0
8323055,74.0,19.0,,0.0,,,1.0,0.0
8321998,137.0,122.0,56.0,0.0,87.0,1.0,1.0,0.0
8324242,4.0,,,,,,,0.0
8322150,378.0,,,,,,,0.0
8326172,347.0,227.0,80.0,1.0,80.0,0.0,1.0,0.0
8321611,298.0,152.0,42.0,0.0,60.0,0.0,1.0,0.0
8331115,185.0,92.0,,0.0,,,400.0,0.0
8325826,3.0,,,0.0,,,,0.0
8330472,222.0,203.0,1.0,0.0,38.0,1.0,120.0,1.0
8324152,348.0,128.0,,0.0,,,30.0,0.0
8323214,194.0,189.0,55.0,1.0,97.0,3.0,60.0,0.0
8331396,9.0,3.0,,0.0,,,1.0,0.0
8325445,28.0,7.0,,0.0,,,1.0,0.0
8324312,164.0,89.0,31.0,0.0,31.0,0.0,60.0,0.0
8327162,279.0,266.0,52.0,0.0,52.0,1.0,1.0,0.0
8322264,196.0,90.0,90.0,0.0,90.0,0.0,400.0,0.0
8324192,163.0,74.0,,0.0,,,1.0,0.0
8328281,13.0,,,0.0,,,,1.0
8322911,20.0,22.0,4.0,0.0,13.0,2.0,1.0,0.0
8326270,261.0,209.0,,0.0,,,400.0,0.0
8323282,73.0,51.0,,0.0,,,400.0,0.0
8324193,353.0,102.0,7.0,0.0,55.0,1.0,1.0,0.0
8323639,357.0,350.0,108.0,2.0,116.0,1.0,400.0,0.0
8327504,194.0,178.0,30.0,0.0,68.0,6.0,400.0,0.0
8328013,379.0,165.0,65.0,0.0,99.0,1.0,400.0,0.0
8327416,12.0,3.0,,0.0,,,1.0,0.0
8324710,354.0,207.0,,0.0,,,400.0,0.0
8332713,165.0,,,0.0,,,,0.0
8330079,279.0,99.0,54.0,0.0,54.0,0.0,1.0,0.0
8332598,374.0,156.0,42.0,0.0,55.0,6.0,400.0,0.0
8324473,119.0,30.0,,0.0,,,400.0,0.0
8325783,228.0,144.0,,1.0,,,1.0,0.0
8326023,309.0,293.0,92.0,0.0,92.0,0.0,1.0,0.0
8332609,234.0,122.0,,2.0,,,1.0,1.0
8326162,355.0,140.0,92.0,0.0,92.0,0.0,400.0,0.0
8332290,234.0,124.0,36.0,0.0,64.0,4.0,30.0,0.0
8323718,158.0,125.0,85.0,0.0,100.0,0.0,1.0,0.0
8323931,41.0,43.0,,0.0,,,400.0,0.0
8321667,170.0,29.0,,0.0,,,1.0,0.0
8330389,292.0,119.0,87.0,0.0,87.0,0.0,1.0,0.0
8327665,232.0,208.0,1.0,0.0,1.0,1.0,90.0,1.0
8329923,129.0,47.0,47.0,0.0,47.0,0.0,1.0,0.0
8331082,349.0,306.0,,0.0,,,1.0,0.0
8324448,84.0,84.0,,0.0,,,1.0,0.0
8328470,239.0,112.0,10.0,1.0,56.0,2.0,1.0,0.0
8325256,297.0,93.0,22.0,1.0,69.0,1.0,1.0,0.0
8332744,140.0,18.0,,0.0,,,1.0,1.0
8332270,189.0,99.0,6.0,0.0,50.0,1.0,30.0,0.0
8329476,279.0,238.0,46.0,0.0,98.0,4.0,400.0,1.0
8324988,374.0,432.0,,0.0,,,1.0,0.0
8324138,242.0,91.0,24.0,0.0,58.0,1.0,400.0,0.0
8324098,196.0,162.0,101.0,0.0,101.0,0.0,400.0,1.0
8329894,115.0,107.0,29.0,0.0,29.0,1.0,1.0,0.0
8332295,55.0,55.0,23.0,0.0,36.0,2.0,400.0,0.0
8329683,301.0,307.0,,0.0,,,400.0,0.0
8321855,353.0,126.0,26.0,0.0,26.0,0.0,1.0,0.0
8327678,7.0,,,,,,,0.0
8331920,71.0,56.0,,0.0,,,400.0,1.0
8330084,296.0,198.0,86.0,0.0,86.0,0.0,120.0,0.0
8329227,153.0,84.0,,1.0,,,1.0,0.0
8324519,248.0,,,,,,,0.0
8328969,271.0,113.0,113.0,0.0,113.0,1.0,1.0,0.0
8326448,220.0,110.0,110.0,2.0,110.0,1.0,1.0,1.0
8330007,183.0,181.0,35.0,0.0,54.0,0.0,400.0,0.0
8323709,282.0,108.0,29.0,7.0,50.0,3.0,400.0,0.0
8321894,155.0,137.0,30.0,1.0,30.0,1.0,400.0,0.0
8323198,353.0,127.0,54.0,0.0,76.0,0.0,1.0,0.0
8326295,349.0,86.0,24.0,3.0,24.0,0.0,1.0,0.0
8331728,149.0,46.0,46.0,0.0,46.0,1.0,1.0,0.0
8322721,329.0,329.0,7.0,0.0,75.0,3.0,400.0,1.0
8321578,119.0,,,0.0,,,,1.0
8325421,353.0,287.0,29.0,0.0,87.0,1.0,1.0,0.0
8323043,342.0,129.0,37.0,0.0,87.0,0.0,90.0,0.0
8327786,291.0,281.0,141.0,0.0,141.0,1.0,400.0,0.0
8327528,108.0,,,0.0,,,,0.0
8330422,282.0,223.0,147.0,4.0,147.0,1.0,1.0,0.0
8322051,342.0,31.0,,0.0,,,30.0,0.0
8331658,168.0,222.0,127.0,1.0,127.0,0.0,120.0,0.0
8326458,156.0,141.0,2.0,0.0,74.0,6.0,400.0,0.0
8331853,347.0,169.0,,0.0,,,1.0,0.0
8323349,197.0,36.0,,0.0,,,1.0,0.0
8326709,178.0,96.0,77.0,0.0,87.0,0.0,1.0,0.0
8330199,197.0,,,0.0,,,,0.0
8331079,207.0,101.0,34.0,0.0,54.0,1.0,400.0,0.0
8326000,122.0,14.0,,0.0,,,1.0,0.0
8327147,153.0,74.0,74.0,0.0,74.0,0.0,1.0,0.0
8331310,339.0,99.0,,0.0,,,30.0,0.0
8326465,232.0,120.0,15.0,0.0,62.0,2.0,1.0,0.0
8331888,143.0,,,2.0,,,1.0,0.0
8322185,162.0,129.0,10.0,0.0,10.0,1.0,400.0,0.0
8330879,293.0,289.0,30.0,0.0,74.0,1.0,400.0,0.0
8325508,236.0,105.0,74.0,0.0,74.0,0.0,400.0,1.0
8332582,77.0,50.0,,0.0,,,90.0,0.0
8332354,324.0,,,0.0,,,,0.0
8322957,216.0,,,0.0,,,,1.0
8323969,170.0,73.0,21.0,0.0,39.0,1.0,120.0,0.0
8321829,1.0,1.0,,0.0,,,1.0,0.0
8322685,102.0,63.0,,2.0,,,1.0,0.0
8332777,224.0,84.0,26.0,0.0,55.0,1.0,400.0,0.0
8322777,342.0,203.0,17.0,0.0,17.0,1.0,1.0,1.0
8323981,240.0,,,0.0,,,,0.0
8330309,112.0,100.0,56.0,0.0,56.0,1.0,400.0,0.0
8324869,198.0,2.0,,0.0,,,400.0,0.0
8325664,200.0,161.0,6.0,1.0,98.0,3.0,400.0,0.0
8328294,215.0,115.0,73.0,1.0,73.0,0.0,1.0,0.0
8327713,145.0,141.0,49.0,3.0,80.0,1.0,120.0,0.0
8322074,378.0,,,0.0,,,,0.0
8324591,277.0,144.0,10.0,0.0,65.0,8.0,30.0,0.0
8331850,253.0,124.0,29.0,0.0,78.0,6.0,400.0,0.0
8327760,106.0,46.0,42.0,0.0,42.0,0.0,30.0,0.0
8330321,81.0,78.0,,1.0,,,400.0,0.0
8331774,21.0,4.0,2.0,0.0,2.0,1.0,1.0,0.0
8326285,381.0,119.0,,0.0,,,1.0,0.0
8327123,272.0,124.0,71.0,0.0,94.0,1.0,400.0,0.0
8330671,230.0,107.0,107.0,1.0,107.0,1.0,400.0,0.0
8321823,315.0,202.0,30.0,1.0,68.0,0.0,1.0,0.0
8328293,53.0,27.0,,0.0,,,1.0,0.0
8327359,311.0,90.0,90.0,0.0,90.0,0.0,30.0,0.0
8330151,324.0,336.0,,0.0,,,1.0,0.0
8332512,234.0,153.0,81.0,0.0,81.0,0.0,1.0,0.0
8330261,47.0,,,0.0,,,1.0,0.0
8325610,264.0,116.0,2.0,2.0,16.0,1.0,1.0,0.0
8323062,162.0,163.0,,1.0,,,1.0,0.0
8328126,246.0,160.0,22.0,1.0,89.0,1.0,400.0,0.0
8322320,271.0,271.0,15.0,0.0,72.0,6.0,400.0,0.0
8327065,303.0,203.0,52.0,0.0,69.0,1.0,400.0,0.0
8326856,,24.0,8.0,0.0,8.0,1.0,30.0,
8325726,244.0,172.0,85.0,0.0,108.0,0.0,400.0,0.0
8321764,125.0,96.0,19.0,0.0,38.0,0.0,30.0,0.0
8325753,412.0,120.0,38.0,0.0,75.0,3.0,400.0,0.0
8324317,101.0,85.0,,1.0,,,1.0,0.0
8325210,9.0,5.0,,0.0,,,1.0,0.0
8330003,81.0,83.0,,0.0,,,400.0,0.0
8326740,321.0,192.0,30.0,1.0,35.0,0.0,400.0,0.0
8325255,151.0,82.0,,0.0,,,400.0,0.0
8324774,253.0,80.0,,0.0,,,400.0,0.0
8331218,241.0,75.0,,0.0,,,1.0,0.0
8329958,209.0,90.0,84.0,0.0,84.0,0.0,400.0,0.0
8331073,356.0,109.0,46.0,0.0,76.0,2.0,400.0,1.0
8327136,339.0,151.0,17.0,0.0,94.0,2.0,1.0,0.0
8332652,376.0,216.0,97.0,0.0,119.0,3.0,1.0,0.0
8332434,165.0,165.0,63.0,0.0,114.0,4.0,30.0,0.0
8330444,167.0,121.0,41.0,0.0,81.0,1.0,400.0,0.0
8329941,259.0,138.0,37.0,0.0,86.0,1.0,400.0,1.0
8328390,349.0,159.0,93.0,0.0,110.0,1.0,1.0,0.0
8331901,32.0,19.0,4.0,0.0,4.0,1.0,400.0,0.0
8324893,299.0,162.0,16.0,0.0,30.0,3.0,400.0,0.0
8323094,239.0,228.0,7.0,1.0,83.0,5.0,1.0,0.0
8326002,221.0,184.0,22.0,0.0,52.0,2.0,400.0,0.0
8332547,210.0,45.0,22.0,0.0,28.0,0.0,400.0,0.0
8324296,41.0,15.0,,0.0,,,400.0,0.0
8324371,254.0,81.0,81.0,0.0,81.0,0.0,400.0,0.0
8325901,199.0,119.0,,0.0,,,1.0,0.0
8330541,372.0,266.0,4.0,1.0,77.0,2.0,400.0,0.0
8325422,145.0,128.0,86.0,0.0,91.0,1.0,1.0,0.0
8330600,307.0,161.0,69.0,0.0,96.0,0.0,30.0,0.0
8326512,38.0,39.0,,0.0,,,1.0,0.0
8324458,383.0,361.0,,0.0,,,1.0,0.0
8329836,165.0,155.0,6.0,0.0,78.0,2.0,400.0,0.0
8324382,41.0,43.0,,0.0,,,1.0,0.0
8328246,19.0,,,0.0,,,,0.0
8324029,273.0,,,0.0,,,,0.0
8327871,121.0,117.0,79.0,1.0,95.0,1.0,400.0,0.0
8327862,155.0,30.0,,0.0,,,1.0,0.0
8332743,356.0,206.0,22.0,0.0,68.0,1.0,30.0,0.0
8328788,232.0,,,0.0,,,,0.0
8332163,228.0,177.0,23.0,0.0,23.0,1.0,400.0,0.0
8328443,250.0,237.0,109.0,0.0,109.0,0.0,60.0,0.0
8324589,168.0,153.0,146.0,0.0,146.0,1.0,1.0,0.0
8327582,235.0,139.0,79.0,0.0,79.0,0.0,1.0,0.0
8327356,118.0,,,,,,,0.0
8330792,347.0,55.0,13.0,0.0,32.0,2.0,1.0,0.0
8331576,35.0,6.0,3.0,0.0,3.0,1.0,1.0,0.0
8332532,112.0,109.0,,0.0,,,400.0,0.0
8326389,374.0,166.0,10.0,2.0,70.0,4.0,1.0,0.0
8326139,273.0,269.0,,0.0,,,400.0,0.0
8324625,184.0,224.0,22.0,0.0,53.0,1.0,400.0,0.0
8329817,182.0,59.0,,0.0,,,1.0,0.0
8323355,37.0,,,,,,,0.0
8327577,325.0,353.0,111.0,0.0,111.0,0.0,1.0,0.0
8327293,64.0,53.0,,1.0,,,1.0,0.0
8327634,231.0,65.0,,0.0,,,1.0,0.0
8331023,121.0,120.0,,0.0,,,1.0,0.0
8322304,292.0,,,0.0,,,1.0,0.0
8328250,281.0,85.0,13.0,0.0,13.0,1.0,400.0,0.0
8325821,356.0,123.0,75.0,0.0,92.0,2.0,60.0,0.0
8322674,204.0,190.0,52.0,0.0,70.0,0.0,1.0,0.0
8331924,363.0,303.0,13.0,4.0,66.0,3.0,1.0,0.0
8330567,39.0,40.0,,0.0,,,1.0,0.0
8324189,29.0,5.0,,0.0,,,60.0,0.0
8324975,337.0,179.0,44.0,1.0,65.0,1.0,400.0,0.0
8329747,237.0,,,,,,,0.0
8328372,74.0,41.0,,0.0,,,400.0,0.0
8321931,122.0,34.0,,1.0,,,60.0,0.0
8330428,352.0,225.0,41.0,0.0,57.0,1.0,400.0,0.0
8325756,14.0,16.0,,0.0,,,1.0,0.0
8323716,229.0,154.0,154.0,0.0,154.0,0.0,1.0,0.0
8325903,75.0,,,0.0,,,,0.0
8323065,72.0,19.0,,0.0,,,1.0,0.0
8321988,147.0,109.0,97.0,0.0,97.0,0.0,1.0,0.0
8329286,274.0,123.0,9.0,1.0,55.0,4.0,400.0,0.0
8327328,294.0,342.0,22.0,0.0,86.0,4.0,1.0,0.0
8322849,157.0,153.0,128.0,0.0,128.0,1.0,1.0,0.0
8323721,165.0,180.0,,0.0,,,1.0,0.0
8324141,36.0,1.0,,0.0,,,1.0,0.0
8329853,272.0,18.0,18.0,0.0,18.0,0.0,400.0,0.0
8324537,99.0,,,0.0,,,,0.0
8323371,219.0,108.0,60.0,0.0,78.0,0.0,1.0,0.0
8330218,124.0,99.0,99.0,0.0,99.0,0.0,400.0,0.0
8331754,73.0,,,0.0,,,,0.0
8328086,359.0,242.0,22.0,0.0,79.0,6.0,400.0,0.0
8328737,201.0,72.0,,0.0,,,1.0,0.0
8330267,153.0,143.0,1.0,0.0,1.0,1.0,1.0,0.0
8324494,225.0,91.0,,0.0,,,1.0,0.0
8322258,254.0,134.0,74.0,1.0,93.0,1.0,400.0,0.0
8327229,212.0,196.0,53.0,0.0,103.0,2.0,400.0,0.0
8326837,37.0,38.0,,0.0,,,1.0,0.0
8329408,15.0,,,0.0,,,,0.0
8331305,184.0,182.0,51.0,0.0,51.0,1.0,1.0,0.0
8321699,218.0,92.0,58.0,0.0,58.0,0.0,1.0,0.0
8326397,335.0,327.0,,0.0,,,400.0,0.0
8326933,105.0,23.0,23.0,1.0,23.0,0.0,400.0,0.0
8331477,89.0,90.0,70.0,0.0,70.0,0.0,1.0,0.0
8329713,367.0,272.0,102.0,0.0,169.0,2.0,1.0,0.0
8324518,349.0,510.0,71.0,0.0,79.0,1.0,1.0,0.0
8324836,117.0,116.0,101.0,0.0,109.0,1.0,400.0,0.0
8329922,377.0,115.0,,0.0,,,1.0,0.0
8332531,292.0,127.0,87.0,1.0,107.0,1.0,400.0,0.0
8324086,300.0,182.0,86.0,1.0,86.0,0.0,1.0,0.0
8327645,206.0,81.0,81.0,0.0,81.0,0.0,60.0,0.0
8329301,23.0,7.0,,1.0,,,1.0,0.0
8330858,76.0,58.0,,0.0,,,1.0,0.0
8323142,248.0,196.0,20.0,0.0,20.0,1.0,1.0,0.0
8329447,215.0,4.0,3.0,1.0,3.0,1.0,1.0,0.0
8323453,43.0,3.0,,0.0,,,1.0,0.0
8325729,378.0,207.0,20.0,1.0,86.0,3.0,60.0,0.0
8327741,294.0,202.0,72.0,0.0,95.0,1.0,400.0,0.0
8325510,199.0,4.0,,0.0,,,1.0,0.0
8323252,315.0,380.0,,0.0,,,400.0,0.0
8329313,192.0,150.0,34.0,0.0,69.0,0.0,400.0,0.0
8325012,110.0,45.0,,0.0,,,30.0,1.0
8325956,178.0,103.0,97.0,0.0,97.0,1.0,400.0,1.0
8332507,290.0,,,,,,,0.0
8329661,265.0,244.0,103.0,0.0,103.0,0.0,400.0,0.0
8330450,158.0,29.0,,0.0,,,1.0,0.0
8326831,218.0,92.0,92.0,0.0,92.0,0.0,1.0,0.0
8326411,173.0,119.0,,0.0,,,1.0,0.0
8325033,252.0,101.0,,0.0,,,1.0,0.0
8325940,318.0,55.0,,0.0,,,400.0,0.0
8332110,347.0,159.0,24.0,0.0,74.0,2.0,400.0,0.0
8332265,120.0,120.0,87.0,0.0,94.0,1.0,400.0,0.0
8321660,187.0,127.0,,0.0,,,1.0,1.0
8323774,187.0,8.0,,0.0,,,1.0,1.0
8329206,64.0,28.0,,0.0,,,1.0,1.0
8328011,230.0,218.0,39.0,1.0,39.0,0.0,400.0,0.0
8321990,373.0,53.0,39.0,0.0,39.0,1.0,400.0,0.0
8332765,310.0,99.0,12.0,0.0,49.0,2.0,400.0,1.0
8328970,141.0,85.0,85.0,0.0,85.0,0.0,400.0,0.0
8323906,158.0,56.0,,0.0,,,1.0,0.0
8329481,301.0,97.0,19.0,0.0,55.0,1.0,1.0,0.0
8328323,222.0,,,,,,,0.0
8328198,55.0,3.0,,0.0,,,1.0,0.0
8332624,378.0,171.0,9.0,1.0,75.0,2.0,1.0,0.0
8327317,293.0,123.0,6.0,0.0,45.0,2.0,400.0,0.0
8330160,312.0,187.0,11.0,1.0,11.0,1.0,400.0,0.0
8324795,248.0,114.0,,0.0,,,400.0,0.0
8323255,185.0,,,0.0,,,,0.0
8322711,167.0,159.0,91.0,1.0,103.0,1.0,400.0,0.0
8323234,214.0,,,,,,,0.0
8330172,138.0,122.0,,0.0,,,400.0,0.0
8323060,33.0,,,0.0,,,,0.0
8329116,175.0,106.0,6.0,0.0,6.0,2.0,400.0,0.0
8327798,246.0,133.0,51.0,0.0,83.0,2.0,1.0,0.0
8328656,382.0,410.0,,0.0,,,1.0,0.0
8330886,190.0,190.0,51.0,0.0,76.0,0.0,400.0,0.0
8322107,197.0,155.0,49.0,2.0,67.0,2.0,400.0,0.0
8322403,169.0,87.0,,1.0,,,1.0,0.0
8324976,48.0,49.0,,1.0,,,1.0,1.0
8328203,138.0,121.0,46.0,0.0,91.0,1.0,400.0,1.0
8329639,250.0,229.0,21.0,0.0,88.0,1.0,400.0,0.0
8332747,352.0,88.0,29.0,0.0,53.0,2.0,1.0,0.0
8328873,115.0,,,,,,,0.0
8330679,56.0,56.0,28.0,0.0,28.0,1.0,400.0,0.0
8329679,219.0,89.0,,0.0,,,400.0,0.0
8322146,12.0,,,0.0,,,,0.0
8324587,149.0,,,2.0,,,,0.0
8325417,242.0,,,,,,,0.0
8322430,265.0,71.0,,0.0,,,400.0,0.0
8330326,179.0,83.0,38.0,1.0,55.0,1.0,1.0,0.0
8322985,145.0,143.0,111.0,0.0,111.0,1.0,1.0,0.0
8326493,187.0,154.0,19.0,3.0,68.0,1.0,1.0,0.0
8325248,358.0,179.0,,0.0,,,1.0,0.0
8332783,202.0,143.0,143.0,1.0,143.0,1.0,400.0,0.0
8329245,40.0,33.0,,0.0,,,400.0,0.0
8321567,378.0,78.0,32.0,0.0,49.0,2.0,400.0,0.0
8328614,181.0,75.0,28.0,0.0,28.0,0.0,400.0,0.0
8323158,194.0,135.0,2.0,0.0,65.0,4.0,400.0,0.0
8330077,202.0,,,1.0,,,,0.0
8330776,243.0,243.0,,0.0,,,400.0,0.0
8331258,281.0,148.0,121.0,1.0,121.0,1.0,400.0,0.0
8324022,141.0,82.0,,0.0,,,1.0,0.0
8330129,108.0,6.0,,0.0,,,1.0,0.0
8330587,41.0,5.0,,0.0,,,1.0,0.0
8332206,320.0,124.0,21.0,2.0,66.0,1.0,400.0,1.0
8330816,114.0,116.0,,0.0,,,1.0,0.0
8327424,290.0,156.0,,0.0,,,1.0,1.0
8322003,238.0,73.0,,0.0,,,90.0,0.0
8326169,151.0,75.0,,0.0,,,30.0,0.0
8323369,203.0,87.0,,0.0,,,1.0,0.0
8332317,285.0,69.0,69.0,0.0,69.0,0.0,400.0,0.0
8331317,126.0,127.0,78.0,0.0,78.0,1.0,400.0,0.0
8331196,299.0,208.0,,0.0,,,400.0,0.0
8330554,324.0,168.0,102.0,0.0,124.0,2.0,1.0,0.0
8326928,301.0,238.0,93.0,0.0,166.0,1.0,1.0,0.0
8331434,183.0,51.0,30.0,1.0,41.0,1.0,400.0,0.0
8324315,378.0,61.0,,0.0,,,400.0,0.0
8321652,83.0,83.0,42.0,0.0,42.0,0.0,400.0,0.0
8328624,316.0,311.0,311.0,2.0,311.0,1.0,400.0,0.0
8332394,133.0,127.0,72.0,0.0,72.0,1.0,400.0,0.0
8323924,353.0,234.0,,0.0,,,1.0,0.0
8323136,174.0,54.0,,0.0,,,1.0,0.0
8323579,2.0,,,0.0,,,,0.0
8329832,132.0,113.0,39.0,0.0,39.0,0.0,400.0,0.0
8327297,151.0,151.0,,0.0,,,1.0,0.0
8326173,293.0,166.0,30.0,0.0,71.0,0.0,1.0,0.0
8325142,177.0,149.0,,0.0,,,400.0,0.0
8323889,347.0,97.0,,0.0,,,1.0,0.0
8331971,120.0,64.0,46.0,0.0,46.0,0.0,30.0,0.0
8328311,292.0,137.0,84.0,0.0,84.0,0.0,400.0,0.0
8332088,354.0,162.0,45.0,0.0,113.0,0.0,1.0,0.0
8331929,36.0,,,0.0,,,,1.0
8326390,74.0,63.0,,0.0,,,400.0,0.0
8327342,302.0,39.0,,0.0,,,1.0,0.0
8328159,283.0,189.0,21.0,2.0,21.0,1.0,400.0,0.0
8331745,118.0,92.0,,0.0,,,400.0,0.0
8325065,157.0,133.0,,0.0,,,1.0,0.0
8331957,16.0,1.0,,0.0,,,1.0,1.0
8322274,113.0,95.0,45.0,0.0,58.0,0.0,400.0,0.0
8324771,188.0,78.0,36.0,1.0,57.0,2.0,400.0,0.0
8321971,208.0,50.0,,0.0,,,1.0,0.0
8329142,285.0,50.0,23.0,0.0,37.0,1.0,30.0,0.0
8330396,301.0,248.0,80.0,0.0,80.0,0.0,400.0,1.0
8330796,294.0,112.0,112.0,0.0,112.0,1.0,30.0,0.0
8324400,65.0,56.0,,1.0,,,400.0,0.0
8325459,174.0,151.0,,0.0,,,1.0,0.0
8332079,197.0,83.0,,0.0,,,400.0,0.0
8325319,291.0,,,0.0,,,,0.0
8327385,42.0,34.0,,0.0,,,1.0,0.0
8322818,354.0,428.0,,1.0,,,400.0,0.0
8325984,330.0,95.0,79.0,1.0,79.0,1.0,1.0,0.0
8326646,110.0,,,0.0,,,,0.0
8323542,296.0,185.0,66.0,0.0,103.0,1.0,400.0,0.0
8331536,262.0,38.0,38.0,0.0,38.0,0.0,1.0,0.0
8324567,128.0,252.0,45.0,1.0,84.0,0.0,1.0,0.0
8326466,133.0,6.0,,0.0,,,1.0,0.0
8330061,40.0,7.0,,0.0,,,1.0,1.0
8329148,223.0,221.0,83.0,0.0,128.0,1.0,400.0,0.0
8324550,238.0,171.0,,0.0,,,1.0,0.0
8330314,282.0,,,1.0,,,,0.0
8326967,249.0,245.0,44.0,0.0,44.0,0.0,400.0,0.0
8332025,315.0,122.0,32.0,0.0,84.0,4.0,400.0,0.0
8322197,373.0,127.0,,0.0,,,400.0,0.0
8328096,272.0,187.0,,0.0,,,1.0,0.0
8328008,193.0,152.0,40.0,0.0,57.0,1.0,1.0,0.0
8327170,71.0,49.0,47.0,1.0,47.0,0.0,1.0,0.0
8326963,21.0,21.0,,0.0,,,1.0,0.0
8321695,242.0,178.0,,0.0,,,1.0,0.0
8323989,98.0,93.0,78.0,0.0,78.0,1.0,400.0,0.0
8327247,400.0,90.0,90.0,0.0,90.0,0.0,1.0,0.0
8322338,203.0,199.0,38.0,0.0,97.0,2.0,1.0,0.0
8325981,330.0,91.0,88.0,0.0,88.0,0.0,400.0,0.0
8321875,9.0,,,0.0,,,,0.0
8328776,196.0,142.0,3.0,0.0,70.0,2.0,400.0,0.0
8332633,273.0,89.0,,1.0,,,400.0,0.0
8329461,172.0,79.0,45.0,0.0,62.0,1.0,1.0,0.0
8322033,285.0,248.0,88.0,1.0,116.0,2.0,1.0,0.0
8329400,317.0,230.0,13.0,1.0,39.0,3.0,400.0,0.0
8332263,188.0,129.0,32.0,0.0,32.0,1.0,1.0,0.0
8331170,348.0,240.0,,0.0,,,1.0,0.0
8325257,359.0,220.0,,1.0,,,1.0,0.0
8322557,87.0,,,0.0,,,,0.0
8330408,234.0,160.0,35.0,0.0,35.0,1.0,400.0,0.0
8324851,217.0,96.0,8.0,0.0,25.0,1.0,400.0,0.0
8330966,244.0,169.0,45.0,0.0,76.0,2.0,400.0,0.0
8331015,192.0,99.0,68.0,0.0,83.0,1.0,1.0,0.0
8322127,368.0,218.0,31.0,0.0,112.0,2.0,400.0,0.0
8326268,157.0,96.0,,0.0,,,400.0,0.0
8328920,114.0,82.0,,0.0,,,1.0,0.0
8328819,157.0,151.0,51.0,0.0,51.0,0.0,1.0,0.0
8332158,274.0,147.0,19.0,0.0,46.0,3.0,400.0,0.0
8327436,197.0,203.0,,1.0,,,400.0,0.0
8322814,165.0,,,0.0,,,,0.0
8324798,342.0,166.0,74.0,0.0,90.0,1.0,1.0,0.0
8325818,340.0,70.0,70.0,0.0,70.0,0.0,400.0,0.0
8321643,220.0,126.0,,0.0,,,1.0,0.0
8326498,109.0,62.0,,0.0,,,1.0,0.0
8329328,85.0,85.0,,1.0,,,400.0,0.0
8331314,302.0,131.0,7.0,0.0,64.0,4.0,1.0,0.0
8331636,351.0,133.0,55.0,0.0,103.0,2.0,400.0,0.0
8324662,367.0,160.0,160.0,0.0,160.0,1.0,1.0,0.0
8325809,210.0,179.0,5.0,0.0,77.0,2.0,400.0,0.0
8327023,126.0,121.0,17.0,0.0,17.0,1.0,30.0,0.0
8328477,25.0,,,0.0,,,,0.0
8328212,374.0,145.0,45.0,0.0,112.0,3.0,1.0,0.0
8321897,42.0,32.0,,0.0,,,400.0,0.0
8323780,32.0,33.0,,0.0,,,1.0,0.0
8322648,108.0,83.0,53.0,0.0,53.0,0.0,60.0,0.0
8322014,90.0,82.0,,0.0,,,1.0,0.0
8331710,,144.0,20.0,0.0,85.0,3.0,90.0,
8331934,192.0,82.0,82.0,0.0,82.0,1.0,1.0,0.0
8321857,266.0,85.0,49.0,0.0,67.0,1.0,1.0,0.0
8326803,85.0,56.0,,1.0,,,1.0,0.0
8327202,318.0,355.0,,0.0,,,1.0,0.0
8326591,173.0,,,0.0,,,,0.0
8328905,305.0,327.0,110.0,0.0,121.0,0.0,90.0,0.0
8327158,20.0,2.0,,0.0,,,1.0,1.0
8322416,118.0,83.0,,0.0,,,1.0,0.0
8331855,4.0,,,0.0,,,,0.0
8326814,395.0,89.0,,0.0,,,90.0,0.0
8328025,323.0,224.0,49.0,1.0,49.0,0.0,400.0,0.0
8332093,348.0,187.0,17.0,0.0,76.0,1.0,400.0,0.0
8324438,139.0,34.0,,0.0,,,400.0,0.0
8324632,152.0,55.0,,0.0,,,1.0,0.0
8323148,147.0,103.0,,0.0,,,1.0,0.0
8328276,106.0,94.0,38.0,0.0,61.0,0.0,1.0,0.0
8322687,173.0,,,0.0,,,,0.0
8325574,76.0,71.0,36.0,0.0,36.0,0.0,1.0,1.0
8327330,85.0,43.0,,0.0,,,1.0,0.0
8332807,292.0,,,,,,,0.0
8332194,316.0,507.0,25.0,3.0,87.0,3.0,400.0,0.0
8328585,231.0,71.0,,0.0,,,1.0,0.0
8323076,24.0,,,0.0,,,,0.0
8327936,162.0,97.0,,0.0,,,400.0,1.0
8328518,298.0,124.0,90.0,0.0,103.0,1.0,400.0,0.0
8322064,341.0,100.0,6.0,1.0,6.0,1.0,400.0,0.0
8323468,380.0,351.0,47.0,0.0,108.0,2.0,1.0,0.0
8327264,296.0,,,,,,,0.0
8325027,347.0,182.0,,2.0,,,1.0,0.0
8323816,255.0,72.0,72.0,0.0,72.0,0.0,400.0,0.0
8324642,240.0,221.0,85.0,0.0,85.0,0.0,400.0,0.0
8332363,324.0,40.0,40.0,0.0,40.0,0.0,1.0,0.0
8329330,129.0,60.0,,0.0,,,60.0,0.0
8329545,380.0,54.0,54.0,0.0,54.0,0.0,1.0,0.0
8323058,374.0,128.0,45.0,0.0,87.0,0.0,1.0,0.0
8331557,120.0,104.0,22.0,0.0,60.0,2.0,400.0,0.0
8326670,137.0,121.0,5.0,0.0,28.0,1.0,400.0,0.0
8331094,306.0,148.0,35.0,3.0,72.0,2.0,400.0,0.0
8324059,182.0,27.0,,1.0,,,1.0,0.0
8331455,349.0,201.0,69.0,0.0,93.0,1.0,1.0,0.0
8331442,198.0,173.0,5.0,0.0,27.0,1.0,400.0,0.0
8329049,317.0,36.0,,1.0,,,400.0,0.0
8330856,354.0,229.0,,0.0,,,30.0,0.0
8321863,281.0,249.0,2.0,1.0,69.0,3.0,1.0,0.0
8326478,240.0,220.0,99.0,0.0,99.0,0.0,1.0,0.0
8332018,110.0,111.0,,0.0,,,90.0,1.0
8324080,269.0,160.0,,0.0,,,400.0,0.0
8326922,101.0,29.0,29.0,0.0,29.0,1.0,1.0,0.0
8322535,29.0,28.0,21.0,0.0,21.0,0.0,120.0,0.0
8323731,125.0,126.0,,0.0,,,400.0,0.0
8329530,244.0,126.0,56.0,0.0,94.0,2.0,400.0,0.0
8322677,231.0,96.0,28.0,0.0,62.0,0.0,90.0,0.0
8324419,334.0,211.0,18.0,2.0,87.0,1.0,1.0,0.0
8324128,148.0,146.0,,3.0,,,400.0,0.0
8325908,272.0,49.0,49.0,0.0,49.0,0.0,400.0,0.0
8331940,120.0,121.0,,1.0,,,1.0,0.0
8332695,261.0,87.0,,0.0,,,1.0,0.0
8324871,244.0,91.0,4.0,0.0,18.0,2.0,1.0,0.0
8325086,372.0,225.0,68.0,0.0,68.0,0.0,30.0,0.0
8330834,253.0,128.0,,0.0,,,1.0,0.0
8322758,191.0,105.0,22.0,1.0,70.0,1.0,30.0,0.0
8326602,57.0,43.0,43.0,0.0,43.0,0.0,1.0,0.0
8328452,199.0,80.0,50.0,0.0,50.0,1.0,1.0,0.0
8332475,206.0,86.0,44.0,1.0,44.0,0.0,1.0,0.0
8332197,,,,,,,,0.0
8331968,220.0,142.0,70.0,0.0,70.0,1.0,1.0,0.0
8324467,346.0,176.0,89.0,0.0,95.0,1.0,400.0,0.0
8323017,343.0,,,,,,,0.0
8332186,202.0,189.0,97.0,1.0,117.0,3.0,1.0,0.0
8327692,352.0,329.0,41.0,0.0,91.0,1.0,1.0,0.0
8326126,194.0,129.0,52.0,0.0,79.0,2.0,60.0,0.0
8322713,172.0,32.0,,0.0,,,120.0,1.0
8325558,322.0,,,0.0,,,,1.0
8322459,169.0,101.0,,0.0,,,1.0,0.0
8326971,97.0,,,0.0,,,,0.0
8327660,375.0,207.0,,0.0,,,1.0,0.0
8322329,80.0,80.0,,1.0,,,400.0,0.0
8330833,102.0,80.0,80.0,0.0,80.0,1.0,60.0,0.0
8329721,210.0,76.0,,0.0,,,400.0,0.0
8331237,255.0,178.0,16.0,0.0,16.0,0.0,400.0,0.0
8326635,294.0,130.0,59.0,0.0,71.0,0.0,400.0,0.0
8328304,290.0,68.0,,1.0,,,400.0,0.0
8324879,340.0,259.0,83.0,0.0,114.0,1.0,400.0,0.0
8322129,161.0,130.0,14.0,1.0,50.0,2.0,400.0,1.0
8325704,16.0,,,0.0,,,,0.0
8327870,121.0,107.0,,0.0,,,400.0,0.0
8329965,207.0,84.0,,0.0,,,1.0,0.0
8329086,70.0,81.0,,0.0,,,1.0,0.0
8329741,39.0,,,0.0,,,,0.0
8327159,227.0,173.0,,0.0,,,1.0,0.0
8327890,318.0,107.0,,1.0,,,400.0,0.0
8322845,15.0,15.0,7.0,0.0,7.0,1.0,1.0,0.0
8327072,203.0,66.0,,2.0,,,1.0,0.0
8330502,118.0,121.0,,0.0,,,1.0,0.0
8328761,321.0,175.0,6.0,0.0,23.0,2.0,1.0,0.0
8324471,,,,0.0,,,,1.0
8324249,175.0,,,0.0,,,,0.0
8329403,291.0,129.0,67.0,0.0,93.0,3.0,400.0,0.0
8332387,195.0,113.0,64.0,0.0,89.0,1.0,1.0,0.0
8322998,55.0,,,,,,,0.0
8332551,355.0,227.0,5.0,0.0,53.0,10.0,1.0,0.0
8327856,383.0,181.0,74.0,0.0,75.0,0.0,60.0,0.0
8325166,37.0,,,0.0,,,,0.0
8331423,269.0,272.0,18.0,0.0,76.0,3.0,1.0,0.0
8332244,42.0,8.0,,0.0,,,1.0,0.0
8331486,161.0,13.0,9.0,0.0,9.0,1.0,1.0,0.0
8332671,304.0,63.0,,0.0,,,400.0,0.0
8325734,124.0,124.0,30.0,0.0,54.0,2.0,400.0,0.0
8329554,240.0,108.0,25.0,0.0,62.0,1.0,400.0,0.0
8328142,173.0,79.0,,0.0,,,400.0,0.0
8327876,157.0,153.0,46.0,0.0,82.0,1.0,1.0,0.0
8326719,301.0,168.0,15.0,0.0,83.0,2.0,400.0,0.0
8321644,,4.0,,0.0,,,1.0,0.0
8325790,9.0,9.0,,0.0,,,400.0,0.0
8324023,145.0,83.0,,0.0,,,1.0,0.0
8323921,105.0,100.0,81.0,0.0,88.0,0.0,1.0,0.0
8321899,237.0,205.0,117.0,1.0,117.0,0.0,400.0,0.0
8326960,298.0,143.0,30.0,0.0,30.0,1.0,400.0,0.0
8330909,317.0,238.0,,0.0,,,400.0,0.0
8329735,292.0,170.0,19.0,1.0,72.0,7.0,400.0,0.0
8324590,339.0,166.0,,0.0,,,1.0,0.0
8328133,304.0,159.0,89.0,0.0,110.0,2.0,1.0,0.0
8324278,108.0,107.0,34.0,1.0,74.0,2.0,90.0,0.0
8325509,341.0,312.0,3.0,1.0,27.0,3.0,30.0,0.0
8327362,303.0,252.0,,1.0,,,60.0,0.0
8329708,182.0,66.0,,0.0,,,400.0,0.0
8332245,12.0,,,0.0,,,,1.0
8330288,272.0,236.0,,0.0,,,1.0,0.0
8330485,121.0,74.0,23.0,0.0,23.0,1.0,1.0,0.0
8325587,304.0,71.0,33.0,0.0,39.0,0.0,400.0,0.0
8330524,300.0,117.0,21.0,0.0,65.0,1.0,400.0,0.0
8328806,87.0,75.0,,1.0,,,400.0,0.0
8330374,378.0,248.0,,0.0,,,400.0,0.0
8328266,377.0,306.0,80.0,3.0,155.0,1.0,400.0,0.0
8325301,10.0,62.0,,0.0,,,1.0,0.0
8323673,322.0,179.0,97.0,0.0,108.0,3.0,400.0,0.0
8322747,,150.0,40.0,0.0,101.0,3.0,1.0,0.0
8321595,246.0,221.0,52.0,0.0,89.0,1.0,1.0,0.0
8325548,125.0,75.0,75.0,0.0,75.0,0.0,1.0,1.0
8327238,282.0,169.0,97.0,7.0,110.0,2.0,1.0,0.0
8332373,321.0,195.0,54.0,0.0,95.0,2.0,400.0,0.0
8324474,263.0,256.0,98.0,0.0,118.0,2.0,1.0,0.0
8323332,320.0,220.0,23.0,0.0,23.0,1.0,1.0,0.0
8327276,343.0,135.0,68.0,0.0,94.0,2.0,400.0,0.0
8329208,240.0,130.0,,0.0,,,400.0,0.0
8324156,216.0,114.0,100.0,2.0,107.0,1.0,1.0,0.0
8326936,314.0,112.0,,0.0,,,1.0,0.0
8329820,115.0,30.0,,0.0,,,1.0,0.0
8328736,168.0,112.0,,0.0,,,1.0,0.0
8326485,309.0,309.0,40.0,0.0,107.0,1.0,60.0,0.0
8324527,275.0,152.0,13.0,1.0,35.0,0.0,400.0,0.0
8328169,133.0,107.0,38.0,0.0,72.0,1.0,1.0,0.0
8328124,43.0,21.0,,0.0,,,60.0,0.0
8331304,195.0,119.0,,0.0,,,1.0,0.0
8321937,185.0,146.0,25.0,1.0,73.0,2.0,30.0,0.0
8330718,216.0,144.0,55.0,0.0,92.0,1.0,1.0,0.0
8331210,76.0,40.0,,0.0,,,30.0,0.0
8330034,199.0,166.0,,0.0,,,120.0,0.0
8332767,30.0,,,,,,,0.0
8325837,261.0,126.0,120.0,1.0,123.0,0.0,400.0,0.0
8330454,174.0,166.0,,3.0,,,400.0,0.0
8325232,164.0,161.0,72.0,0.0,99.0,1.0,1.0,1.0
8329512,83.0,82.0,79.0,0.0,79.0,0.0,400.0,1.0
8322757,260.0,83.0,,0.0,,,400.0,0.0
8331136,338.0,101.0,45.0,0.0,67.0,1.0,1.0,0.0
8322765,298.0,177.0,6.0,0.0,14.0,3.0,1.0,0.0
8329115,256.0,202.0,104.0,0.0,104.0,0.0,400.0,0.0
8331645,320.0,156.0,32.0,1.0,77.0,3.0,400.0,0.0
8328910,207.0,207.0,2.0,0.0,37.0,1.0,400.0,0.0
8328936,291.0,197.0,,1.0,,,400.0,0.0
8323359,326.0,92.0,37.0,4.0,64.0,0.0,400.0,0.0
8332049,215.0,195.0,42.0,1.0,49.0,1.0,1.0,0.0
8332619,260.0,165.0,60.0,1.0,81.0,1.0,1.0,0.0
8326799,27.0,23.0,,0.0,,,1.0,0.0
8330540,200.0,192.0,,2.0,,,400.0,0.0
8323233,159.0,,,0.0,,,,0.0
8330507,102.0,85.0,,0.0,,,400.0,0.0
8324827,166.0,155.0,119.0,0.0,119.0,1.0,1.0,0.0
8321879,200.0,102.0,95.0,0.0,95.0,0.0,1.0,1.0
8325693,383.0,58.0,48.0,0.0,53.0,0.0,1.0,0.0
8331428,191.0,165.0,7.0,0.0,64.0,9.0,30.0,0.0
8329277,43.0,44.0,,0.0,,,400.0,0.0
8330358,315.0,107.0,38.0,0.0,73.0,0.0,400.0,0.0
8326003,354.0,164.0,,0.0,,,400.0,0.0
8329765,92.0,72.0,7.0,1.0,23.0,1.0,400.0,0.0
8330456,154.0,79.0,,0.0,,,1.0,0.0
8324607,246.0,185.0,99.0,0.0,99.0,0.0,400.0,0.0
8330781,98.0,4.0,,0.0,,,1.0,1.0
8323159,138.0,129.0,85.0,0.0,101.0,2.0,1.0,0.0
8323747,347.0,52.0,17.0,0.0,35.0,2.0,1.0,0.0
8324611,77.0,,,0.0,,,,1.0
8322635,281.0,238.0,44.0,0.0,82.0,0.0,1.0,0.0
8328071,173.0,66.0,,0.0,,,120.0,0.0
8328358,227.0,87.0,87.0,0.0,87.0,0.0,1.0,0.0
8330588,264.0,148.0,12.0,0.0,18.0,1.0,60.0,0.0
8327789,320.0,207.0,38.0,0.0,38.0,0.0,400.0,0.0
8323190,316.0,184.0,7.0,0.0,12.0,2.0,1.0,0.0
8324968,,,,0.0,,,,0.0
8326438,322.0,312.0,25.0,1.0,82.0,2.0,30.0,0.0
8329914,318.0,262.0,,0.0,,,1.0,0.0
8329562,353.0,103.0,76.0,0.0,76.0,0.0,400.0,0.0
8327547,213.0,81.0,,0.0,,,400.0,0.0
8324793,228.0,136.0,12.0,0.0,65.0,2.0,400.0,1.0
8324695,248.0,,,0.0,,,,0.0
8325419,115.0,114.0,,1.0,,,400.0,0.0
8327454,226.0,140.0,112.0,0.0,121.0,2.0,1.0,0.0
8332061,32.0,36.0,17.0,1.0,17.0,1.0,400.0,0.0
8332411,344.0,343.0,1.0,0.0,41.0,1.0,400.0,0.0
8322277,313.0,295.0,102.0,0.0,123.0,1.0,1.0,0.0
8326427,299.0,203.0,80.0,2.0,100.0,1.0,1.0,0.0
8322501,349.0,102.0,,0.0,,,1.0,0.0
8332417,205.0,106.0,93.0,0.0,93.0,0.0,400.0,0.0
8322651,130.0,,,0.0,,,,1.0
8329837,374.0,123.0,62.0,0.0,62.0,0.0,1.0,0.0
8328287,119.0,120.0,69.0,0.0,74.0,1.0,400.0,0.0
8329723,320.0,200.0,34.0,0.0,103.0,2.0,1.0,0.0
8323235,314.0,98.0,,0.0,,,1.0,0.0
8324916,222.0,204.0,,0.0,,,1.0,0.0
8325500,205.0,179.0,28.0,0.0,52.0,2.0,400.0,0.0
8323140,176.0,110.0,67.0,0.0,67.0,0.0,30.0,0.0
8322445,359.0,217.0,7.0,1.0,95.0,3.0,400.0,0.0
8324623,167.0,117.0,,0.0,,,400.0,0.0
8330499,72.0,,,1.0,,,,0.0
8328384,373.0,79.0,11.0,0.0,11.0,0.0,60.0,0.0
8328927,314.0,26.0,26.0,2.0,26.0,1.0,400.0,1.0
8328447,303.0,169.0,89.0,1.0,109.0,4.0,1.0,0.0
8328242,126.0,112.0,72.0,0.0,78.0,0.0,400.0,0.0
8323219,221.0,77.0,11.0,0.0,44.0,0.0,400.0,0.0
8323748,227.0,227.0,75.0,0.0,102.0,1.0,400.0,0.0
8326011,323.0,78.0,78.0,0.0,78.0,0.0,30.0,0.0
8331117,227.0,159.0,37.0,0.0,78.0,0.0,400.0,0.0
8323912,247.0,132.0,22.0,2.0,22.0,1.0,400.0,1.0
8327828,101.0,94.0,,0.0,,,1.0,0.0
8329517,266.0,109.0,87.0,0.0,87.0,1.0,400.0,0.0
8322096,298.0,85.0,82.0,1.0,82.0,0.0,30.0,0.0
8326942,242.0,251.0,40.0,0.0,40.0,0.0,1.0,0.0
8323714,380.0,218.0,25.0,1.0,73.0,4.0,120.0,0.0
8325890,87.0,83.0,,0.0,,,400.0,0.0
8324078,3.0,,,0.0,,,,0.0
8328136,75.0,76.0,,1.0,,,1.0,0.0
8324422,284.0,144.0,,0.0,,,120.0,0.0
8328868,310.0,297.0,,0.0,,,400.0,0.0
8323087,45.0,11.0,,0.0,,,60.0,0.0
8322744,297.0,220.0,9.0,1.0,50.0,4.0,30.0,0.0
8324570,341.0,148.0,148.0,0.0,148.0,0.0,1.0,0.0
8323649,288.0,97.0,,0.0,,,1.0,0.0
8324324,172.0,163.0,28.0,0.0,72.0,2.0,30.0,0.0
8328140,42.0,34.0,,1.0,,,1.0,0.0
8322522,291.0,223.0,55.0,0.0,60.0,1.0,400.0,0.0
8324845,267.0,34.0,,0.0,,,400.0,0.0
8327671,25.0,26.0,,0.0,,,120.0,0.0
8322297,51.0,,,0.0,,,,0.0
8326710,216.0,,,0.0,,,,0.0
8322752,97.0,85.0,,1.0,,,1.0,0.0
8329002,31.0,4.0,3.0,0.0,3.0,1.0,1.0,0.0
8331414,375.0,197.0,1.0,0.0,76.0,1.0,30.0,0.0
8325434,148.0,,,,,,,0.0
8325179,291.0,181.0,24.0,0.0,51.0,1.0,1.0,0.0
8324556,173.0,154.0,68.0,1.0,102.0,2.0,400.0,0.0
8329498,251.0,104.0,94.0,0.0,99.0,0.0,400.0,0.0
8331147,352.0,142.0,2.0,1.0,57.0,7.0,1.0,0.0
8330399,347.0,106.0,,0.0,,,400.0,0.0
8326041,97.0,69.0,,1.0,,,1.0,1.0
8332053,177.0,87.0,53.0,1.0,70.0,0.0,400.0,0.0
8332252,29.0,,,0.0,,,,1.0
8322106,183.0,,,0.0,,,,0.0
8322774,350.0,220.0,19.0,0.0,19.0,1.0,400.0,0.0
8325028,192.0,79.0,59.0,0.0,59.0,0.0,400.0,0.0
8330648,349.0,219.0,82.0,0.0,107.0,0.0,1.0,0.0
8321687,320.0,148.0,148.0,0.0,148.0,1.0,1.0,0.0
8328442,360.0,122.0,11.0,0.0,69.0,1.0,400.0,0.0
8332688,220.0,43.0,43.0,0.0,43.0,0.0,1.0,0.0
8324195,62.0,63.0,,0.0,,,1.0,0.0
8331014,206.0,80.0,,0.0,,,1.0,0.0
8330851,102.0,87.0,63.0,0.0,69.0,4.0,400.0,0.0
8325237,379.0,294.0,79.0,0.0,103.0,2.0,30.0,0.0
8331558,304.0,203.0,29.0,0.0,73.0,2.0,30.0,0.0
8324173,193.0,104.0,33.0,0.0,57.0,0.0,1.0,0.0
8325513,154.0,36.0,15.0,0.0,15.0,1.0,1.0,0.0
8330253,116.0,73.0,73.0,0.0,73.0,1.0,400.0,0.0
8325945,190.0,75.0,12.0,0.0,24.0,0.0,400.0,0.0
8330959,,140.0,28.0,0.0,81.0,1.0,1.0,
8332487,78.0,69.0,22.0,0.0,22.0,1.0,400.0,0.0
8326790,235.0,143.0,11.0,0.0,38.0,2.0,1.0,0.0
8329314,127.0,25.0,,0.0,,,400.0,0.0
8327337,305.0,143.0,42.0,0.0,91.0,2.0,400.0,0.0
8328923,358.0,71.0,,1.0,,,400.0,0.0
8326346,29.0,,,,,,,0.0
8331213,338.0,171.0,73.0,0.0,73.0,1.0,400.0,0.0
8322991,132.0,133.0,13.0,0.0,61.0,2.0,400.0,0.0
8332020,178.0,139.0,8.0,0.0,68.0,1.0,1.0,0.0
8321859,159.0,,,1.0,,,,0.0
8328058,173.0,,,,,,,0.0
8327905,200.0,150.0,77.0,0.0,80.0,0.0,400.0,0.0
8331982,106.0,95.0,,2.0,,,400.0,0.0
8321850,136.0,134.0,,1.0,,,400.0,0.0
8321774,113.0,109.0,75.0,3.0,88.0,0.0,90.0,0.0
8331360,297.0,111.0,9.0,0.0,49.0,1.0,400.0,0.0
8323294,41.0,41.0,,0.0,,,1.0,0.0
8322848,190.0,108.0,,2.0,,,400.0,0.0
8330797,303.0,79.0,79.0,0.0,79.0,0.0,400.0,0.0
8326396,216.0,101.0,101.0,0.0,101.0,0.0,400.0,0.0
8326975,304.0,114.0,15.0,0.0,56.0,2.0,400.0,0.0
8325244,159.0,110.0,39.0,1.0,39.0,0.0,1.0,0.0
8332155,237.0,77.0,77.0,0.0,77.0,0.0,1.0,0.0
8332421,104.0,73.0,,0.0,,,30.0,0.0
8329272,247.0,189.0,,0.0,,,400.0,0.0
8325958,351.0,217.0,74.0,0.0,91.0,2.0,1.0,0.0
8329831,249.0,220.0,,0.0,,,1.0,0.0
8322113,1.0,,,0.0,,,,0.0
8327404,42.0,5.0,,0.0,,,1.0,0.0
8322240,265.0,226.0,87.0,1.0,87.0,0.0,400.0,0.0
8329968,300.0,143.0,91.0,0.0,91.0,0.0,1.0,0.0
8330057,337.0,41.0,,0.0,,,400.0,0.0
8326240,298.0,121.0,24.0,0.0,24.0,1.0,400.0,0.0
8326431,309.0,90.0,90.0,0.0,90.0,0.0,1.0,0.0
8326151,67.0,69.0,,0.0,,,1.0,0.0
8326575,383.0,332.0,68.0,0.0,117.0,0.0,1.0,0.0
8332059,292.0,246.0,73.0,1.0,136.0,1.0,60.0,0.0
8327474,178.0,91.0,10.0,0.0,51.0,1.0,400.0,0.0
8330378,295.0,120.0,42.0,0.0,81.0,1.0,400.0,0.0
8326262,42.0,35.0,35.0,1.0,35.0,0.0,1.0,0.0
8323487,42.0,44.0,13.0,1.0,13.0,0.0,400.0,0.0
8331750,193.0,99.0,39.0,0.0,39.0,1.0,400.0,0.0
8325740,320.0,37.0,,0.0,,,1.0,0.0
8325754,239.0,142.0,86.0,0.0,114.0,1.0,400.0,0.0
8328888,286.0,279.0,134.0,2.0,134.0,0.0,1.0,0.0
8324252,308.0,109.0,2.0,0.0,4.0,1.0,400.0,1.0
8331171,185.0,,,0.0,,,,0.0
8331472,179.0,358.0,81.0,0.0,116.0,1.0,1.0,0.0
8331482,281.0,146.0,14.0,3.0,84.0,1.0,120.0,0.0
8322996,195.0,73.0,64.0,0.0,64.0,0.0,1.0,0.0
8330726,195.0,97.0,31.0,1.0,31.0,1.0,1.0,0.0
8323585,131.0,104.0,,0.0,,,1.0,0.0
8326946,80.0,81.0,11.0,0.0,54.0,3.0,120.0,0.0
8327637,190.0,180.0,67.0,1.0,67.0,0.0,400.0,0.0
8326538,281.0,91.0,91.0,0.0,91.0,0.0,1.0,0.0
8328364,205.0,116.0,84.0,0.0,94.0,1.0,1.0,0.0
8326527,242.0,69.0,33.0,1.0,33.0,1.0,400.0,0.0
8326190,355.0,90.0,2.0,0.0,2.0,1.0,1.0,0.0
8328430,244.0,116.0,24.0,0.0,69.0,2.0,400.0,0.0
8331980,13.0,,,0.0,,,,0.0
8332453,25.0,,,0.0,,,,0.0
8328829,342.0,,,,,,,0.0
8322825,191.0,117.0,,0.0,,,400.0,0.0
8323528,236.0,237.0,122.0,0.0,122.0,1.0,1.0,0.0
8332436,186.0,180.0,29.0,0.0,29.0,1.0,1.0,0.0
8322867,315.0,73.0,,0.0,,,400.0,0.0
8328655,160.0,90.0,89.0,0.0,89.0,1.0,90.0,0.0
8332083,75.0,61.0,,4.0,,,1.0,0.0
8324355,279.0,90.0,25.0,1.0,50.0,0.0,1.0,0.0
8326164,347.0,371.0,44.0,0.0,66.0,0.0,400.0,0.0
8329392,217.0,61.0,7.0,0.0,19.0,2.0,400.0,0.0
8329744,309.0,210.0,2.0,0.0,72.0,2.0,400.0,0.0
8329761,351.0,90.0,,0.0,,,400.0,0.0
8323277,170.0,169.0,,0.0,,,400.0,1.0
8330215,150.0,101.0,92.0,0.0,92.0,0.0,120.0,0.0
8330543,103.0,,,1.0,,,,0.0
8328764,194.0,47.0,,0.0,,,1.0,0.0
8325866,54.0,51.0,24.0,0.0,24.0,0.0,400.0,0.0
8329778,295.0,139.0,84.0,0.0,112.0,0.0,1.0,0.0
8326136,343.0,188.0,80.0,0.0,91.0,1.0,400.0,0.0
8323367,31.0,,,,,,,0.0
8326663,257.0,79.0,79.0,0.0,79.0,1.0,1.0,0.0
8330145,319.0,242.0,12.0,3.0,98.0,2.0,400.0,0.0
8331875,164.0,27.0,,0.0,,,1.0,0.0
8322031,211.0,92.0,,0.0,,,400.0,0.0
8332101,241.0,251.0,,0.0,,,120.0,0.0
8323308,382.0,161.0,1.0,0.0,46.0,3.0,120.0,0.0
8326982,310.0,122.0,,0.0,,,400.0,0.0
8328967,183.0,101.0,46.0,0.0,70.0,3.0,90.0,0.0
8329865,167.0,156.0,,1.0,,,1.0,0.0
8326311,340.0,312.0,30.0,0.0,97.0,3.0,30.0,0.0
8321670,301.0,106.0,,0.0,,,400.0,0.0
8331060,105.0,94.0,11.0,0.0,53.0,1.0,400.0,0.0
8327586,142.0,,,,,,,0.0
8322154,225.0,128.0,,0.0,,,1.0,1.0
8329524,155.0,2.0,,0.0,,,1.0,0.0
8330376,66.0,35.0,,0.0,,,1.0,0.0
8324159,295.0,129.0,99.0,3.0,99.0,0.0,400.0,0.0
8323874,259.0,,,0.0,,,,0.0
8328559,287.0,131.0,76.0,0.0,102.0,1.0,1.0,0.0
8331040,44.0,39.0,,1.0,,,400.0,0.0
8326655,116.0,87.0,77.0,1.0,77.0,0.0,400.0,0.0
8332048,170.0,147.0,90.0,0.0,90.0,0.0,1.0,0.0
8323023,44.0,39.0,34.0,0.0,34.0,1.0,1.0,0.0
8322363,273.0,83.0,,0.0,,,1.0,0.0
8331084,383.0,153.0,153.0,0.0,153.0,0.0,1.0,0.0
8332468,205.0,178.0,10.0,0.0,53.0,1.0,1.0,0.0
8324828,13.0,0.0,,0.0,,,1.0,0.0
8324228,138.0,95.0,95.0,0.0,95.0,0.0,400.0,0.0
8326146,311.0,70.0,70.0,1.0,70.0,0.0,1.0,0.0
8327791,107.0,90.0,,0.0,,,400.0,1.0
8325386,29.0,30.0,,0.0,,,1.0,0.0
8331689,81.0,28.0,8.0,0.0,18.0,0.0,120.0,0.0
8327326,337.0,163.0,51.0,1.0,51.0,0.0,400.0,0.0
8326302,86.0,72.0,,0.0,,,1.0,0.0
8325091,329.0,151.0,57.0,0.0,57.0,1.0,400.0,0.0
8330258,378.0,248.0,111.0,0.0,111.0,0.0,1.0,0.0
8331430,70.0,18.0,13.0,1.0,16.0,1.0,400.0,0.0
8330464,3.0,1.0,,0.0,,,1.0,0.0
8325588,85.0,20.0,,0.0,,,1.0,0.0
8331796,263.0,106.0,35.0,1.0,60.0,2.0,60.0,0.0
8325801,361.0,207.0,4.0,0.0,89.0,2.0,90.0,0.0
8324898,59.0,60.0,19.0,0.0,19.0,1.0,1.0,0.0
8326899,114.0,34.0,,0.0,,,90.0,0.0
8332605,244.0,336.0,34.0,5.0,66.0,1.0,400.0,0.0
8329297,61.0,29.0,29.0,0.0,29.0,1.0,400.0,0.0
8325951,320.0,204.0,4.0,1.0,37.0,1.0,1.0,0.0
8328630,67.0,4.0,,0.0,,,1.0,0.0
8321593,290.0,347.0,55.0,1.0,55.0,1.0,400.0,0.0
8327780,213.0,202.0,,1.0,,,1.0,0.0
8327067,236.0,149.0,,0.0,,,1.0,0.0
8330751,91.0,88.0,,0.0,,,400.0,0.0
8322029,122.0,124.0,,0.0,,,400.0,0.0
8330362,22.0,,,0.0,,,,0.0
8324580,309.0,196.0,158.0,0.0,158.0,0.0,1.0,0.0
8322132,300.0,135.0,4.0,0.0,64.0,7.0,60.0,0.0
8325923,282.0,103.0,,0.0,,,30.0,0.0
8330045,93.0,81.0,,0.0,,,400.0,0.0
8324658,227.0,153.0,11.0,0.0,44.0,9.0,120.0,0.0
8322809,327.0,157.0,104.0,0.0,113.0,1.0,1.0,0.0
8321781,195.0,113.0,,0.0,,,1.0,0.0
8330969,94.0,1.0,,0.0,,,1.0,1.0
8323022,293.0,165.0,165.0,0.0,165.0,0.0,1.0,0.0
8325559,352.0,366.0,,0.0,,,1.0,0.0
8321880,287.0,110.0,110.0,0.0,110.0,0.0,1.0,0.0
8321672,166.0,77.0,,1.0,,,400.0,0.0
8323954,237.0,94.0,94.0,0.0,94.0,0.0,400.0,0.0
8324179,232.0,247.0,96.0,0.0,113.0,1.0,400.0,0.0
8325635,135.0,45.0,,0.0,,,60.0,0.0
8326021,129.0,82.0,,0.0,,,120.0,0.0
8327982,437.0,350.0,,0.0,,,1.0,0.0
8323447,45.0,48.0,22.0,0.0,22.0,1.0,1.0,0.0
8324883,383.0,190.0,92.0,0.0,132.0,4.0,400.0,0.0
8331979,66.0,67.0,6.0,1.0,13.0,2.0,400.0,0.0
8331276,23.0,23.0,,0.0,,,1.0,0.0
8329374,315.0,123.0,,0.0,,,400.0,0.0
8326202,309.0,104.0,44.0,0.0,79.0,0.0,400.0,0.0
8322654,167.0,133.0,18.0,0.0,26.0,1.0,400.0,0.0
8332728,318.0,251.0,40.0,1.0,81.0,2.0,1.0,0.0
8329246,288.0,109.0,8.0,1.0,15.0,1.0,60.0,0.0
8328066,11.0,6.0,6.0,0.0,6.0,1.0,1.0,0.0
8323547,184.0,147.0,49.0,0.0,83.0,0.0,400.0,0.0
8328881,202.0,105.0,43.0,0.0,63.0,2.0,1.0,0.0
8328367,376.0,248.0,24.0,4.0,56.0,0.0,60.0,0.0
8327231,305.0,239.0,,0.0,,,1.0,0.0
8323256,323.0,144.0,15.0,0.0,81.0,7.0,1.0,0.0
8325502,157.0,12.0,,0.0,,,1.0,0.0
8328977,110.0,107.0,98.0,0.0,98.0,0.0,400.0,0.0
8329280,280.0,213.0,31.0,0.0,31.0,0.0,1.0,0.0
8327079,169.0,171.0,,0.0,,,400.0,0.0
8329254,187.0,83.0,10.0,0.0,10.0,1.0,400.0,0.0
8328673,241.0,120.0,101.0,0.0,109.0,3.0,1.0,0.0
8323469,385.0,322.0,,0.0,,,1.0,0.0
8331652,252.0,112.0,69.0,0.0,86.0,1.0,400.0,0.0
8328107,214.0,108.0,72.0,3.0,90.0,0.0,1.0,0.0
8332772,242.0,116.0,70.0,0.0,70.0,0.0,400.0,0.0
8322537,145.0,,,0.0,,,,0.0
8323791,15.0,,,0.0,,,,0.0
8329918,188.0,83.0,,0.0,,,400.0,1.0
8331397,194.0,,,0.0,,,,0.0
8323652,200.0,,,0.0,,,,0.0
8332008,328.0,149.0,149.0,1.0,149.0,1.0,1.0,0.0
8323018,286.0,150.0,,0.0,,,1.0,0.0
8332004,76.0,68.0,,0.0,,,400.0,0.0
8327601,71.0,68.0,14.0,0.0,14.0,1.0,400.0,0.0
8327955,8.0,3.0,,0.0,,,1.0,0.0
8327536,289.0,95.0,95.0,0.0,95.0,0.0,400.0,0.0
8325647,297.0,,,,,,,0.0
8324682,120.0,83.0,,0.0,,,400.0,0.0
8322140,252.0,94.0,6.0,0.0,50.0,1.0,1.0,0.0
8326594,74.0,58.0,,0.0,,,400.0,0.0
8330685,333.0,132.0,19.0,0.0,76.0,3.0,400.0,0.0
8327449,358.0,250.0,5.0,2.0,104.0,2.0,120.0,0.0
8331075,207.0,27.0,,0.0,,,1.0,0.0
8321974,202.0,162.0,,0.0,,,1.0,0.0
8322884,292.0,,,0.0,,,,0.0
8322341,14.0,14.0,9.0,2.0,10.0,3.0,1.0,1.0
8332813,201.0,,,,,,,0.0
8327450,264.0,127.0,12.0,0.0,52.0,1.0,400.0,0.0
8327638,,,,0.0,,,,0.0
8321574,121.0,98.0,68.0,1.0,83.0,1.0,1.0,0.0
8327705,200.0,58.0,58.0,0.0,58.0,1.0,1.0,0.0
8329398,183.0,163.0,,1.0,,,1.0,0.0
8328279,353.0,248.0,45.0,0.0,91.0,2.0,1.0,0.0
8330665,290.0,163.0,62.0,1.0,82.0,0.0,400.0,0.0
8322781,473.0,194.0,,0.0,,,1.0,0.0
8326723,211.0,,,,,,,0.0
8328019,166.0,158.0,,0.0,,,1.0,0.0
8322282,157.0,145.0,,2.0,,,30.0,0.0
8325785,45.0,,,0.0,,,,0.0
8325199,381.0,,,0.0,,,,0.0
8324829,162.0,,,,,,,0.0
8331744,380.0,239.0,6.0,3.0,52.0,1.0,30.0,0.0
8322300,378.0,113.0,21.0,0.0,48.0,2.0,1.0,0.0
8322299,326.0,157.0,,0.0,,,1.0,0.0
8325725,233.0,322.0,19.0,0.0,31.0,1.0,400.0,0.0
8328321,212.0,106.0,75.0,0.0,75.0,0.0,1.0,0.0
8327350,166.0,115.0,103.0,0.0,104.0,2.0,400.0,0.0
8324465,342.0,117.0,,0.0,,,1.0,0.0
8321656,268.0,187.0,,0.0,,,400.0,0.0
8325011,330.0,349.0,59.0,0.0,88.0,1.0,1.0,0.0
8328935,139.0,111.0,,0.0,,,400.0,0.0
8323034,379.0,221.0,,0.0,,,1.0,0.0
8322473,31.0,19.0,,0.0,,,1.0,1.0
8332742,194.0,39.0,39.0,0.0,39.0,0.0,1.0,0.0
8325252,340.0,127.0,92.0,0.0,95.0,2.0,1.0,0.0
8331135,302.0,141.0,34.0,1.0,82.0,1.0,400.0,0.0
8322915,246.0,116.0,,0.0,,,1.0,0.0
8322060,160.0,116.0,10.0,0.0,65.0,2.0,1.0,0.0
8329179,21.0,26.0,19.0,0.0,19.0,1.0,400.0,0.0
8327773,419.0,226.0,75.0,0.0,95.0,2.0,30.0,0.0
8324507,281.0,88.0,88.0,0.0,88.0,1.0,1.0,0.0
8328847,87.0,55.0,12.0,1.0,34.0,1.0,400.0,0.0
8327581,352.0,139.0,75.0,0.0,98.0,1.0,1.0,0.0
8332046,234.0,238.0,46.0,2.0,66.0,1.0,400.0,0.0
8322770,217.0,238.0,21.0,1.0,72.0,0.0,1.0,0.0
8323311,93.0,92.0,75.0,0.0,75.0,0.0,1.0,0.0
8322739,75.0,52.0,,0.0,,,1.0,0.0
8325779,241.0,,,0.0,,,1.0,0.0
8323516,368.0,191.0,69.0,0.0,99.0,1.0,120.0,0.0
8325774,101.0,101.0,67.0,2.0,67.0,1.0,1.0,0.0
8322759,94.0,60.0,26.0,2.0,26.0,1.0,400.0,1.0
8323518,273.0,149.0,8.0,0.0,57.0,2.0,1.0,0.0
8327064,374.0,323.0,,0.0,,,400.0,0.0
8330839,145.0,134.0,,0.0,,,1.0,0.0
8330513,151.0,115.0,,0.0,,,1.0,0.0
8325661,200.0,114.0,,0.0,,,1.0,0.0
8322933,216.0,127.0,81.0,1.0,81.0,1.0,1.0,0.0
8326926,105.0,34.0,,0.0,,,1.0,0.0
8331490,174.0,54.0,,0.0,,,60.0,0.0
8330268,193.0,93.0,,0.0,,,30.0,0.0
8321852,68.0,61.0,18.0,0.0,23.0,1.0,60.0,0.0
8330391,293.0,286.0,108.0,0.0,108.0,1.0,400.0,0.0
8326845,68.0,69.0,21.0,0.0,21.0,1.0,400.0,0.0
8328629,349.0,421.0,4.0,0.0,63.0,3.0,30.0,1.0
8326068,124.0,115.0,34.0,0.0,66.0,0.0,1.0,0.0
8328708,354.0,128.0,22.0,5.0,64.0,1.0,30.0,0.0
8325968,134.0,67.0,,0.0,,,120.0,0.0
8328542,103.0,92.0,61.0,0.0,75.0,0.0,1.0,0.0
8332593,199.0,105.0,,0.0,,,1.0,0.0
8328773,39.0,28.0,25.0,0.0,25.0,0.0,30.0,0.0
8321952,142.0,67.0,67.0,0.0,67.0,0.0,400.0,0.0
8322400,274.0,146.0,20.0,0.0,62.0,1.0,400.0,0.0
8325674,240.0,11.0,,0.0,,,400.0,0.0
8324862,289.0,204.0,,0.0,,,400.0,0.0
8331139,85.0,57.0,,0.0,,,1.0,0.0
8332380,193.0,131.0,130.0,0.0,130.0,0.0,1.0,0.0
8328179,224.0,113.0,,0.0,,,1.0,0.0
8332193,336.0,107.0,,0.0,,,1.0,0.0
8326702,154.0,,,,,,,0.0
8323953,329.0,152.0,104.0,1.0,128.0,1.0,1.0,0.0
8326656,182.0,183.0,95.0,0.0,114.0,1.0,1.0,1.0
8322676,125.0,73.0,,0.0,,,1.0,0.0
8327114,16.0,17.0,,0.0,,,120.0,1.0
8330603,309.0,211.0,12.0,0.0,107.0,4.0,1.0,0.0
8328668,35.0,4.0,,0.0,,,1.0,0.0
8330818,37.0,8.0,,0.0,,,1.0,0.0
8328426,141.0,138.0,26.0,0.0,93.0,2.0,30.0,1.0
8329030,230.0,220.0,51.0,0.0,73.0,1.0,1.0,0.0
8321831,341.0,130.0,75.0,0.0,97.0,2.0,1.0,0.0
8329752,64.0,64.0,,1.0,,,1.0,0.0
8332538,135.0,97.0,66.0,0.0,66.0,0.0,1.0,0.0
8328252,378.0,221.0,,1.0,,,120.0,0.0
8329892,229.0,209.0,59.0,3.0,59.0,0.0,1.0,1.0
8330064,226.0,205.0,20.0,3.0,54.0,0.0,60.0,0.0
8325567,76.0,,,0.0,,,,0.0
8331468,347.0,69.0,,0.0,,,1.0,0.0
8326066,268.0,106.0,28.0,4.0,63.0,2.0,120.0,0.0
8325896,374.0,92.0,,0.0,,,1.0,0.0
8325108,116.0,78.0,,0.0,,,400.0,1.0
8329578,301.0,264.0,,0.0,,,1.0,0.0
8327439,278.0,227.0,71.0,0.0,71.0,0.0,400.0,0.0
8326371,335.0,104.0,,0.0,,,400.0,0.0
8323692,289.0,113.0,19.0,3.0,74.0,2.0,1.0,0.0
8325083,113.0,114.0,,2.0,,,400.0,0.0
8326708,101.0,59.0,,1.0,,,1.0,0.0
8330437,23.0,9.0,,1.0,,,1.0,0.0
8321980,283.0,90.0,,0.0,,,1.0,0.0
8328634,304.0,126.0,122.0,0.0,122.0,1.0,1.0,0.0
8324917,197.0,77.0,77.0,1.0,77.0,0.0,120.0,0.0
8325031,368.0,183.0,,0.0,,,1.0,1.0
8322184,67.0,66.0,,0.0,,,400.0,0.0
8328278,280.0,204.0,22.0,0.0,64.0,1.0,400.0,0.0
8324696,114.0,87.0,22.0,1.0,53.0,1.0,1.0,0.0
8325845,164.0,54.0,25.0,0.0,25.0,1.0,400.0,0.0
8325406,284.0,,,1.0,,,,0.0
8331302,298.0,30.0,13.0,0.0,22.0,1.0,1.0,0.0
8329984,291.0,136.0,10.0,0.0,44.0,2.0,1.0,0.0
8327991,111.0,111.0,100.0,0.0,100.0,0.0,1.0,0.0
8327711,153.0,,,,,,,0.0
8323908,306.0,33.0,16.0,0.0,25.0,2.0,1.0,1.0
8324854,120.0,83.0,,0.0,,,400.0,0.0
8330859,32.0,,,0.0,,,,0.0
8324624,318.0,129.0,110.0,1.0,120.0,1.0,1.0,0.0
8321572,336.0,133.0,,0.0,,,400.0,0.0
8330687,328.0,126.0,44.0,0.0,97.0,3.0,1.0,0.0
8322032,242.0,296.0,117.0,0.0,117.0,1.0,400.0,0.0
8323399,319.0,103.0,37.0,1.0,83.0,2.0,400.0,0.0
8331961,377.0,143.0,25.0,0.0,44.0,1.0,1.0,0.0
8328404,99.0,88.0,15.0,0.0,15.0,1.0,1.0,0.0
8326047,240.0,157.0,16.0,1.0,97.0,1.0,30.0,0.0
8322485,186.0,,,0.0,,,,0.0
8322754,339.0,228.0,66.0,0.0,97.0,2.0,1.0,0.0
8330138,124.0,73.0,,0.0,,,1.0,0.0
8326326,118.0,90.0,23.0,5.0,23.0,0.0,30.0,0.0
8330044,347.0,204.0,82.0,0.0,112.0,2.0,1.0,0.0
8325381,241.0,86.0,14.0,0.0,51.0,3.0,400.0,0.0
8327463,120.0,112.0,,1.0,,,400.0,0.0
8323403,326.0,219.0,,0.0,,,1.0,0.0
8324675,333.0,91.0,83.0,0.0,87.0,1.0,1.0,0.0
8326664,145.0,42.0,,0.0,,,1.0,0.0
8327091,178.0,178.0,,0.0,,,400.0,0.0
8326533,119.0,86.0,,0.0,,,400.0,0.0
8329057,395.0,256.0,,1.0,,,1.0,0.0
8331138,93.0,86.0,34.0,0.0,51.0,1.0,400.0,0.0
8331879,29.0,25.0,,0.0,,,1.0,0.0
8328950,237.0,257.0,45.0,0.0,62.0,1.0,1.0,0.0
8326953,348.0,256.0,,0.0,,,1.0,0.0
8328419,284.0,89.0,24.0,0.0,48.0,2.0,1.0,0.0
8324003,119.0,37.0,,1.0,,,1.0,0.0
8324035,153.0,134.0,,0.0,,,400.0,0.0
8332536,317.0,,,0.0,,,,0.0
8322534,36.0,36.0,,0.0,,,1.0,0.0
8322358,275.0,54.0,,0.0,,,400.0,0.0
8332786,105.0,,,,,,,0.0
8322294,59.0,62.0,,0.0,,,90.0,0.0
8327817,195.0,106.0,,0.0,,,1.0,0.0
8329829,231.0,107.0,27.0,0.0,35.0,0.0,400.0,0.0
8328526,262.0,228.0,,1.0,,,30.0,0.0
8323970,250.0,243.0,,1.0,,,400.0,0.0
8330852,120.0,20.0,,0.0,,,1.0,0.0
8324951,315.0,125.0,,0.0,,,1.0,0.0
8331712,186.0,185.0,99.0,1.0,99.0,1.0,30.0,0.0
8331225,164.0,164.0,40.0,0.0,83.0,1.0,400.0,0.0
8326757,168.0,49.0,49.0,0.0,49.0,0.0,1.0,0.0
8324977,147.0,120.0,120.0,0.0,120.0,1.0,400.0,0.0
8331191,229.0,164.0,25.0,0.0,77.0,2.0,400.0,0.0
8331339,61.0,47.0,,0.0,,,400.0,0.0
8329630,178.0,169.0,,0.0,,,1.0,0.0
8332541,211.0,154.0,79.0,0.0,107.0,1.0,120.0,0.0
8323956,218.0,104.0,,0.0,,,1.0,0.0
8322268,217.0,223.0,63.0,0.0,63.0,1.0,1.0,0.0
8327392,267.0,133.0,,0.0,,,1.0,1.0
8327096,340.0,85.0,73.0,0.0,73.0,0.0,1.0,0.0
8322763,9.0,4.0,,0.0,,,1.0,0.0
8321809,149.0,107.0,107.0,0.0,107.0,0.0,1.0,0.0
8326608,55.0,50.0,31.0,1.0,31.0,0.0,400.0,0.0
8324326,193.0,121.0,70.0,0.0,83.0,0.0,1.0,0.0
8326306,289.0,290.0,78.0,0.0,78.0,1.0,1.0,0.0
8322642,31.0,39.0,,0.0,,,1.0,0.0
8332301,346.0,369.0,62.0,0.0,117.0,1.0,90.0,0.0
8324652,332.0,299.0,89.0,0.0,129.0,2.0,400.0,0.0
8327854,41.0,2.0,2.0,0.0,2.0,1.0,1.0,0.0
8326583,217.0,116.0,35.0,0.0,35.0,0.0,400.0,0.0
8323357,65.0,73.0,,3.0,,,400.0,0.0
8329504,299.0,156.0,,1.0,,,400.0,0.0
8330023,231.0,92.0,9.0,0.0,48.0,1.0,60.0,0.0
8329100,84.0,77.0,77.0,0.0,77.0,1.0,60.0,1.0
8327200,250.0,129.0,129.0,0.0,129.0,0.0,400.0,0.0
8329610,109.0,87.0,29.0,0.0,43.0,2.0,1.0,0.0
8322675,161.0,132.0,132.0,0.0,132.0,0.0,1.0,0.0
8329611,318.0,108.0,,0.0,,,1.0,0.0
8331202,233.0,126.0,126.0,0.0,126.0,1.0,1.0,0.0
8332227,107.0,108.0,,0.0,,,1.0,1.0
8330967,141.0,90.0,88.0,1.0,88.0,1.0,400.0,0.0
8329239,79.0,69.0,,0.0,,,30.0,0.0
8328122,312.0,119.0,77.0,1.0,77.0,0.0,400.0,0.0
8323455,245.0,124.0,42.0,0.0,65.0,2.0,400.0,0.0
8330857,315.0,108.0,,1.0,,,1.0,0.0
8321812,141.0,140.0,26.0,0.0,53.0,1.0,400.0,0.0
8328177,372.0,355.0,15.0,1.0,15.0,0.0,400.0,0.0
8327058,218.0,130.0,98.0,2.0,114.0,1.0,1.0,0.0
8321627,3.0,,,0.0,,,,0.0
8332379,236.0,70.0,,0.0,,,400.0,0.0
8330503,171.0,79.0,,0.0,,,400.0,1.0
8325138,212.0,45.0,,1.0,,,400.0,0.0
8329453,382.0,203.0,,0.0,,,30.0,0.0
8323050,5.0,6.0,,0.0,,,1.0,0.0
8327315,43.0,44.0,,0.0,,,1.0,0.0
8331343,138.0,140.0,,0.0,,,1.0,0.0
8322169,52.0,41.0,9.0,0.0,9.0,1.0,120.0,1.0
8324265,240.0,54.0,27.0,1.0,37.0,3.0,1.0,0.0
8323097,82.0,77.0,43.0,1.0,63.0,1.0,400.0,0.0
8323803,359.0,107.0,75.0,0.0,92.0,0.0,1.0,0.0
8330978,181.0,104.0,46.0,0.0,71.0,1.0,1.0,0.0
8323603,12.0,5.0,,0.0,,,1.0,1.0
8324579,240.0,94.0,39.0,0.0,67.0,0.0,400.0,0.0
8322919,157.0,,,,,,,0.0
8325565,221.0,136.0,,0.0,,,400.0,0.0
8324318,269.0,133.0,32.0,0.0,86.0,1.0,60.0,0.0
8330684,296.0,,,,,,,0.0
8322894,221.0,193.0,89.0,0.0,89.0,0.0,400.0,0.0
8326249,100.0,73.0,,0.0,,,1.0,0.0
8322566,199.0,171.0,,0.0,,,1.0,0.0
8326842,61.0,40.0,,0.0,,,400.0,1.0
8328671,374.0,163.0,157.0,0.0,157.0,1.0,400.0,0.0
8328906,322.0,272.0,71.0,0.0,135.0,2.0,1.0,0.0
8327384,119.0,108.0,19.0,0.0,50.0,10.0,400.0,0.0
8322646,328.0,325.0,1.0,0.0,71.0,4.0,1.0,0.0
8329967,150.0,130.0,32.0,0.0,32.0,1.0,400.0,0.0
8331801,142.0,75.0,,1.0,,,400.0,0.0
8322603,76.0,2.0,2.0,0.0,2.0,1.0,1.0,0.0
8324770,235.0,130.0,,0.0,,,400.0,1.0
8332618,143.0,77.0,36.0,0.0,36.0,0.0,400.0,1.0
8323224,16.0,,,,,,,0.0
8322590,174.0,41.0,,0.0,,,1.0,0.0
8325971,196.0,,,,,,,0.0
8321827,54.0,47.0,,0.0,,,1.0,0.0
8326220,244.0,81.0,5.0,0.0,41.0,1.0,1.0,0.0
8322811,359.0,114.0,57.0,1.0,57.0,0.0,400.0,0.0
8328561,339.0,208.0,25.0,5.0,34.0,1.0,400.0,0.0
8324577,224.0,78.0,,0.0,,,400.0,0.0
8322219,29.0,30.0,,0.0,,,1.0,0.0
8322187,115.0,290.0,,0.0,,,1.0,0.0
8327674,163.0,112.0,5.0,0.0,74.0,4.0,400.0,0.0
8329402,358.0,282.0,86.0,3.0,108.0,2.0,400.0,0.0
8322521,364.0,248.0,15.0,0.0,75.0,2.0,60.0,0.0
8329435,241.0,,,,,,,0.0
8330383,259.0,225.0,109.0,0.0,152.0,2.0,1.0,0.0
8330219,358.0,121.0,13.0,1.0,37.0,2.0,400.0,0.0
8324212,163.0,56.0,,0.0,,,1.0,0.0
8329035,218.0,,,0.0,,,,0.0
8328841,373.0,72.0,,0.0,,,400.0,0.0
8326454,376.0,142.0,101.0,0.0,101.0,1.0,1.0,0.0
8322730,354.0,75.0,13.0,0.0,44.0,1.0,1.0,0.0
8322671,6.0,3.0,,0.0,,,1.0,0.0
8325172,179.0,36.0,36.0,1.0,36.0,1.0,1.0,0.0
8325657,238.0,210.0,39.0,0.0,88.0,1.0,1.0,1.0
8330170,349.0,42.0,,0.0,,,1.0,0.0
8324149,346.0,83.0,59.0,0.0,68.0,0.0,60.0,0.0
8331634,182.0,166.0,,1.0,,,1.0,0.0
8323157,173.0,28.0,,0.0,,,400.0,0.0
8323633,338.0,257.0,25.0,0.0,61.0,2.0,30.0,1.0
8331830,378.0,98.0,78.0,0.0,83.0,0.0,400.0,0.0
8324083,116.0,24.0,,0.0,,,1.0,0.0
8331732,343.0,276.0,28.0,0.0,81.0,1.0,400.0,0.0
8322141,4.0,,,,,,,0.0
8327266,355.0,150.0,34.0,1.0,100.0,1.0,30.0,0.0
8328539,253.0,96.0,8.0,1.0,31.0,1.0,400.0,0.0
8324384,157.0,103.0,7.0,1.0,53.0,1.0,1.0,0.0
8330590,111.0,74.0,13.0,0.0,54.0,1.0,400.0,0.0
8330824,344.0,161.0,,0.0,,,1.0,0.0
8324969,225.0,162.0,79.0,1.0,97.0,0.0,400.0,0.0
8323310,333.0,153.0,144.0,0.0,144.0,1.0,1.0,0.0
8328182,203.0,212.0,42.0,0.0,120.0,4.0,400.0,0.0
8324861,302.0,216.0,41.0,0.0,95.0,1.0,1.0,0.0
8326257,284.0,,,0.0,,,,0.0
8330574,43.0,,,,,,,0.0
8323824,273.0,90.0,88.0,0.0,89.0,0.0,1.0,0.0
8328317,133.0,74.0,21.0,0.0,21.0,1.0,1.0,0.0
8329533,152.0,138.0,138.0,0.0,138.0,1.0,400.0,0.0
8326818,102.0,93.0,26.0,0.0,43.0,4.0,1.0,0.0
8321973,282.0,213.0,99.0,0.0,116.0,1.0,1.0,0.0
8328257,83.0,72.0,52.0,0.0,52.0,0.0,400.0,0.0
8325345,228.0,101.0,101.0,2.0,101.0,0.0,1.0,1.0
8321640,50.0,49.0,,0.0,,,1.0,0.0
8323428,219.0,173.0,15.0,0.0,78.0,2.0,30.0,1.0
8325691,57.0,,,0.0,,,,0.0
8326962,81.0,81.0,52.0,0.0,56.0,1.0,1.0,0.0
8328000,282.0,276.0,8.0,2.0,36.0,1.0,400.0,0.0
8326183,97.0,77.0,,0.0,,,1.0,0.0
8328512,23.0,24.0,,0.0,,,30.0,0.0
8329410,161.0,39.0,,0.0,,,1.0,0.0
8325843,120.0,55.0,38.0,0.0,38.0,0.0,400.0,0.0
8324601,169.0,97.0,24.0,0.0,51.0,1.0,1.0,0.0
8327090,79.0,80.0,,0.0,,,1.0,0.0
8325979,221.0,212.0,56.0,5.0,56.0,0.0,400.0,0.0
8331751,347.0,95.0,8.0,0.0,42.0,3.0,30.0,0.0
8330055,314.0,298.0,,0.0,,,1.0,0.0
8323339,216.0,181.0,34.0,0.0,64.0,0.0,1.0,0.0
8331022,121.0,113.0,,1.0,,,400.0,0.0
8328168,246.0,195.0,56.0,0.0,68.0,0.0,120.0,0.0
8321657,188.0,133.0,30.0,0.0,61.0,1.0,400.0,0.0
8326441,14.0,,,0.0,,,,0.0
8331735,225.0,210.0,26.0,0.0,26.0,0.0,400.0,0.0
8322247,122.0,,,0.0,,,,0.0
8327819,372.0,114.0,77.0,1.0,96.0,1.0,1.0,0.0
8330100,358.0,92.0,,0.0,,,1.0,0.0
8322211,124.0,96.0,96.0,0.0,96.0,1.0,1.0,0.0
8324878,357.0,134.0,105.0,0.0,120.0,1.0,1.0,0.0
8322278,268.0,231.0,21.0,0.0,98.0,1.0,30.0,0.0
8327669,59.0,59.0,,0.0,,,1.0,0.0
8323274,351.0,,,0.0,,,,0.0
8322640,84.0,71.0,,0.0,,,1.0,0.0
8321854,209.0,99.0,,2.0,,,1.0,0.0
8324037,88.0,85.0,47.0,0.0,47.0,0.0,400.0,0.0
8330752,104.0,105.0,,1.0,,,400.0,0.0
8327333,34.0,19.0,,1.0,,,1.0,0.0
8326039,186.0,144.0,,0.0,,,1.0,0.0
8323449,104.0,74.0,12.0,1.0,46.0,2.0,1.0,0.0
8326925,23.0,,,0.0,,,,0.0
8329888,357.0,260.0,8.0,0.0,42.0,3.0,400.0,0.0
8326372,347.0,99.0,99.0,0.0,99.0,0.0,1.0,0.0
8326659,156.0,148.0,1.0,0.0,1.0,1.0,1.0,0.0
8329365,146.0,120.0,3.0,0.0,3.0,0.0,400.0,0.0
8328627,320.0,95.0,39.0,0.0,52.0,1.0,1.0,0.0
8323052,286.0,86.0,86.0,0.0,86.0,0.0,1.0,0.0
8326027,207.0,209.0,10.0,0.0,51.0,0.0,400.0,0.0
8327676,296.0,68.0,68.0,0.0,68.0,1.0,1.0,0.0
8330285,317.0,547.0,16.0,1.0,65.0,1.0,400.0,0.0
8329428,249.0,66.0,66.0,0.0,66.0,1.0,1.0,0.0
8324585,79.0,39.0,,0.0,,,1.0,0.0
8323879,170.0,8.0,,0.0,,,400.0,0.0
8328975,346.0,120.0,117.0,1.0,119.0,2.0,60.0,0.0
8325802,102.0,84.0,2.0,0.0,55.0,1.0,1.0,0.0
8324654,228.0,207.0,83.0,2.0,83.0,0.0,1.0,0.0
8327438,237.0,107.0,68.0,0.0,88.0,0.0,1.0,0.0
8329304,268.0,,,0.0,,,,0.0
8322797,317.0,132.0,11.0,0.0,11.0,1.0,1.0,0.0
8327770,9.0,11.0,,0.0,,,1.0,0.0
8321749,357.0,170.0,14.0,0.0,71.0,4.0,400.0,0.0
8330329,130.0,,,,,,,0.0
8332451,345.0,180.0,180.0,2.0,180.0,1.0,400.0,0.0
8330593,128.0,64.0,,1.0,,,400.0,0.0
8328240,24.0,25.0,,0.0,,,1.0,0.0
8324745,255.0,142.0,21.0,0.0,75.0,2.0,30.0,0.0
8327051,320.0,605.0,58.0,0.0,64.0,0.0,1.0,0.0
8326482,347.0,189.0,59.0,0.0,59.0,1.0,400.0,0.0
8327402,181.0,83.0,83.0,0.0,83.0,1.0,1.0,0.0
8321583,109.0,39.0,,0.0,,,1.0,0.0
8322861,102.0,100.0,,0.0,,,400.0,0.0
8332100,198.0,198.0,29.0,0.0,88.0,2.0,120.0,0.0
8324629,270.0,153.0,39.0,0.0,96.0,1.0,1.0,0.0
8331960,216.0,86.0,21.0,0.0,54.0,1.0,400.0,0.0
8329063,117.0,95.0,83.0,0.0,85.0,1.0,1.0,0.0
8325622,264.0,155.0,17.0,0.0,73.0,2.0,400.0,0.0
8327544,168.0,121.0,,0.0,,,1.0,0.0
8328109,124.0,4.0,,0.0,,,1.0,0.0
8331517,361.0,147.0,102.0,0.0,102.0,0.0,1.0,0.0
8325466,27.0,,,0.0,,,,1.0
8329690,349.0,70.0,,0.0,,,1.0,0.0
8324071,316.0,116.0,62.0,0.0,66.0,1.0,1.0,0.0
8325720,287.0,140.0,,0.0,,,1.0,0.0
8324150,203.0,190.0,42.0,0.0,44.0,1.0,1.0,0.0
8330708,224.0,78.0,,0.0,,,400.0,0.0
8332016,331.0,184.0,42.0,0.0,42.0,0.0,400.0,0.0
8321945,12.0,0.0,,0.0,,,1.0,0.0
8331368,72.0,,,0.0,,,,0.0
8322719,358.0,78.0,42.0,0.0,58.0,0.0,400.0,0.0
8326038,148.0,55.0,,0.0,,,400.0,0.0
8332175,97.0,81.0,34.0,1.0,55.0,0.0,400.0,0.0
8325349,71.0,46.0,,0.0,,,1.0,0.0
8324335,177.0,90.0,25.0,0.0,25.0,0.0,400.0,0.0
8325893,177.0,,,,,,,0.0
8330647,304.0,136.0,53.0,1.0,102.0,4.0,30.0,0.0
8331734,324.0,187.0,21.0,0.0,35.0,2.0,1.0,0.0
8329296,382.0,184.0,20.0,0.0,52.0,2.0,30.0,0.0
8324612,201.0,176.0,64.0,0.0,106.0,3.0,1.0,0.0
8328749,377.0,24.0,24.0,0.0,24.0,1.0,1.0,0.0
8322817,75.0,72.0,,0.0,,,400.0,0.0
8330873,296.0,,,0.0,,,,0.0
8327507,228.0,239.0,43.0,1.0,96.0,2.0,400.0,0.0
8326235,169.0,108.0,80.0,0.0,80.0,0.0,400.0,0.0
8325271,14.0,,,0.0,,,,0.0
8331511,206.0,,,0.0,,,,0.0
8325757,255.0,114.0,104.0,0.0,104.0,0.0,1.0,0.0
8321979,301.0,207.0,,0.0,,,1.0,0.0
8325784,242.0,33.0,25.0,0.0,25.0,1.0,400.0,0.0
8331506,293.0,9.0,9.0,0.0,9.0,1.0,1.0,1.0
8326524,39.0,19.0,2.0,2.0,11.0,2.0,1.0,0.0
8329521,210.0,48.0,6.0,0.0,6.0,1.0,1.0,0.0
8329060,107.0,103.0,,0.0,,,400.0,1.0
8330968,184.0,133.0,54.0,1.0,74.0,3.0,400.0,0.0
8331519,260.0,264.0,,0.0,,,1.0,0.0
8323172,9.0,,,0.0,,,,1.0
8326148,186.0,59.0,,3.0,,,400.0,0.0
8327389,15.0,,,,,,,0.0
8324380,383.0,138.0,,0.0,,,1.0,0.0
8332261,217.0,,,0.0,,,,0.0
8325285,148.0,137.0,137.0,0.0,137.0,1.0,1.0,0.0
8327733,93.0,83.0,13.0,1.0,13.0,1.0,400.0,0.0
8331577,239.0,165.0,23.0,2.0,94.0,3.0,400.0,0.0
8329478,285.0,,,,,,,0.0
8325398,221.0,210.0,,0.0,,,400.0,0.0
8329528,245.0,108.0,54.0,0.0,79.0,1.0,1.0,0.0
8325242,372.0,194.0,47.0,0.0,96.0,0.0,400.0,0.0
8322094,,,,,,,,
8322932,,11.0,,0.0,,,1.0,
8329164,164.0,127.0,26.0,1.0,80.0,1.0,60.0,0.0
8330416,300.0,,,,,,,0.0
8332176,226.0,233.0,88.0,0.0,88.0,0.0,1.0,0.0
8332570,55.0,,,0.0,,,,1.0
8331622,400.0,103.0,,0.0,,,30.0,0.0
8325126,103.0,,,0.0,,,,0.0
8328802,210.0,161.0,,0.0,,,400.0,0.0
8331688,198.0,188.0,,1.0,,,1.0,0.0
8323001,152.0,58.0,,0.0,,,400.0,0.0
8329821,282.0,80.0,49.0,0.0,49.0,0.0,400.0,0.0
8323936,343.0,347.0,75.0,1.0,99.0,2.0,400.0,0.0
8329014,186.0,93.0,,2.0,,,1.0,0.0
8326759,121.0,88.0,5.0,0.0,47.0,2.0,1.0,0.0
8326282,78.0,32.0,32.0,0.0,32.0,0.0,1.0,1.0
8330810,295.0,91.0,,1.0,,,1.0,0.0
8331786,235.0,227.0,47.0,1.0,92.0,2.0,1.0,0.0
8325594,348.0,234.0,15.0,0.0,81.0,2.0,30.0,0.0
8321838,132.0,102.0,,0.0,,,400.0,0.0
8321708,354.0,149.0,43.0,0.0,96.0,2.0,1.0,0.0
8323941,381.0,116.0,90.0,0.0,92.0,1.0,1.0,0.0
8325683,285.0,360.0,47.0,0.0,69.0,2.0,1.0,0.0
8331681,158.0,111.0,72.0,0.0,79.0,0.0,400.0,0.0
8330618,316.0,227.0,78.0,0.0,78.0,0.0,1.0,0.0
8329003,296.0,,,0.0,,,,0.0
8323865,67.0,66.0,43.0,0.0,47.0,1.0,400.0,0.0
8325571,145.0,62.0,,0.0,,,60.0,0.0
8324524,209.0,77.0,,0.0,,,400.0,0.0
8325346,88.0,,,0.0,,,,0.0
8328795,204.0,173.0,173.0,0.0,173.0,1.0,1.0,0.0
8322322,307.0,174.0,38.0,0.0,52.0,0.0,1.0,0.0
8329098,360.0,169.0,53.0,0.0,53.0,0.0,1.0,0.0
8327191,343.0,95.0,95.0,0.0,95.0,0.0,1.0,0.0
8326105,118.0,,,0.0,,,,0.0
8323971,314.0,83.0,29.0,0.0,51.0,0.0,1.0,0.0
8330875,176.0,479.0,79.0,1.0,79.0,1.0,400.0,0.0
8331146,226.0,164.0,32.0,0.0,32.0,0.0,400.0,0.0
8326170,194.0,198.0,64.0,1.0,85.0,2.0,120.0,1.0
8329220,366.0,,,0.0,,,,0.0
8327478,357.0,238.0,71.0,1.0,77.0,0.0,400.0,0.0
8329389,110.0,82.0,29.0,0.0,29.0,0.0,400.0,0.0
8329270,21.0,,,0.0,,,,0.0
8327954,278.0,48.0,48.0,0.0,48.0,0.0,1.0,0.0
8322352,279.0,193.0,37.0,2.0,53.0,0.0,1.0,0.0
8328732,327.0,59.0,45.0,0.0,45.0,0.0,1.0,0.0
8327562,33.0,,,0.0,,,,1.0
8332425,34.0,35.0,,1.0,,,1.0,0.0
8325268,293.0,207.0,42.0,0.0,94.0,4.0,30.0,1.0
8324428,5.0,,,0.0,,,,0.0
8322966,237.0,162.0,8.0,0.0,85.0,1.0,1.0,0.0
8329681,196.0,213.0,123.0,1.0,123.0,0.0,30.0,0.0
8323594,335.0,104.0,54.0,0.0,73.0,0.0,400.0,0.0
8328499,191.0,76.0,7.0,1.0,7.0,1.0,400.0,0.0
8325416,286.0,,,0.0,,,,0.0
8321995,61.0,56.0,,1.0,,,400.0,0.0
8332510,104.0,77.0,50.0,0.0,50.0,0.0,400.0,0.0
8323344,296.0,208.0,,0.0,,,400.0,0.0
8325863,62.0,,,0.0,,,1.0,0.0
8324808,243.0,27.0,27.0,0.0,27.0,0.0,30.0,0.0
8326394,26.0,28.0,,1.0,,,400.0,0.0
8321913,228.0,55.0,33.0,1.0,39.0,1.0,400.0,1.0
8325495,156.0,60.0,,0.0,,,120.0,0.0
8327417,156.0,,,1.0,,,,0.0
8328992,74.0,74.0,40.0,0.0,57.0,0.0,400.0,0.0
8323813,187.0,94.0,43.0,0.0,65.0,0.0,1.0,0.0
8325156,240.0,177.0,55.0,0.0,79.0,2.0,400.0,0.0
8324279,409.0,304.0,57.0,0.0,107.0,3.0,1.0,0.0
8331974,171.0,53.0,53.0,0.0,53.0,0.0,400.0,1.0
8330178,179.0,,,,,,,0.0
8324177,316.0,152.0,42.0,1.0,79.0,2.0,400.0,0.0
8324411,142.0,2.0,,0.0,,,1.0,0.0
8331441,144.0,133.0,93.0,0.0,113.0,1.0,1.0,0.0
8326336,289.0,102.0,85.0,0.0,85.0,0.0,400.0,0.0
8322480,134.0,95.0,95.0,0.0,95.0,0.0,1.0,0.0
8327203,123.0,,,1.0,,,,0.0
8328846,148.0,,,0.0,,,,1.0
8323180,144.0,127.0,81.0,3.0,81.0,0.0,400.0,0.0
8325576,268.0,148.0,37.0,0.0,71.0,1.0,400.0,0.0
8323397,205.0,143.0,,0.0,,,1.0,0.0
8331893,15.0,13.0,,0.0,,,400.0,0.0
8331662,274.0,202.0,93.0,0.0,93.0,0.0,400.0,0.0
8323952,305.0,257.0,76.0,0.0,98.0,1.0,400.0,0.0
8329579,161.0,72.0,72.0,1.0,72.0,1.0,1.0,0.0
8322346,186.0,91.0,,0.0,,,1.0,0.0
8327897,59.0,59.0,11.0,0.0,24.0,1.0,400.0,0.0
8322720,99.0,97.0,,1.0,,,400.0,0.0
8323100,6.0,7.0,,0.0,,,1.0,1.0
8329482,290.0,190.0,,0.0,,,1.0,0.0
8329515,364.0,145.0,42.0,0.0,94.0,2.0,1.0,0.0
8323852,352.0,72.0,,0.0,,,400.0,1.0
8329337,83.0,82.0,43.0,0.0,43.0,0.0,400.0,1.0
8329188,123.0,109.0,10.0,0.0,72.0,2.0,1.0,0.0
8331887,344.0,,,0.0,,,,0.0
8323738,47.0,48.0,,0.0,,,1.0,0.0
8327812,238.0,120.0,70.0,0.0,94.0,2.0,400.0,0.0
8330729,108.0,89.0,82.0,0.0,82.0,0.0,400.0,0.0
8331002,21.0,,,0.0,,,,0.0
8327633,294.0,139.0,,0.0,,,1.0,0.0
8329373,281.0,105.0,87.0,0.0,87.0,0.0,400.0,1.0
8324091,377.0,187.0,67.0,0.0,115.0,2.0,400.0,0.0
8325274,315.0,124.0,10.0,0.0,66.0,0.0,400.0,0.0
8325687,308.0,42.0,42.0,0.0,42.0,0.0,30.0,0.0
8328902,200.0,86.0,86.0,1.0,86.0,1.0,400.0,1.0
8323763,289.0,182.0,96.0,0.0,111.0,2.0,1.0,0.0
8324598,324.0,147.0,,2.0,,,1.0,0.0
8331813,300.0,293.0,83.0,0.0,83.0,1.0,400.0,0.0
8324772,273.0,84.0,,0.0,,,120.0,0.0
8332490,93.0,34.0,34.0,0.0,34.0,0.0,400.0,0.0
8324908,181.0,155.0,55.0,0.0,99.0,1.0,400.0,0.0
8323295,282.0,180.0,59.0,4.0,121.0,1.0,1.0,0.0
8331967,264.0,134.0,131.0,0.0,133.0,1.0,1.0,0.0
8328613,59.0,,,0.0,,,,0.0
8325703,325.0,332.0,64.0,0.0,122.0,3.0,1.0,1.0
8331683,182.0,70.0,,1.0,,,400.0,0.0
8323434,334.0,111.0,105.0,0.0,105.0,0.0,1.0,0.0
8331768,368.0,150.0,9.0,1.0,60.0,2.0,60.0,0.0
8331050,50.0,22.0,,0.0,,,30.0,1.0
8332443,301.0,245.0,,0.0,,,1.0,0.0
8324575,341.0,131.0,10.0,2.0,63.0,1.0,400.0,0.0
8324038,38.0,35.0,,0.0,,,400.0,0.0
8330013,296.0,54.0,,0.0,,,1.0,0.0
8325916,273.0,129.0,115.0,0.0,115.0,1.0,90.0,0.0
8325215,339.0,138.0,11.0,2.0,75.0,2.0,400.0,0.0
8323671,141.0,142.0,44.0,0.0,74.0,3.0,400.0,0.0
8327910,347.0,420.0,33.0,0.0,53.0,1.0,1.0,0.0
8330789,349.0,295.0,45.0,0.0,45.0,0.0,400.0,0.0
8324215,169.0,160.0,,1.0,,,1.0,0.0
8324056,266.0,187.0,,0.0,,,400.0,0.0
8322131,234.0,241.0,,0.0,,,400.0,0.0
8328188,125.0,80.0,80.0,0.0,80.0,0.0,400.0,0.0
8330237,316.0,185.0,,1.0,,,400.0,0.0
8331340,95.0,60.0,,0.0,,,400.0,0.0
8330316,93.0,83.0,17.0,0.0,17.0,1.0,400.0,0.0
8322004,7.0,1.0,,0.0,,,1.0,0.0
8323582,295.0,283.0,79.0,0.0,79.0,0.0,1.0,0.0
8331051,70.0,52.0,,1.0,,,400.0,0.0
8330184,122.0,,,,,,,0.0
8326407,350.0,79.0,56.0,0.0,68.0,0.0,1.0,0.0
8330976,220.0,138.0,8.0,0.0,85.0,3.0,60.0,0.0
8325619,243.0,,,0.0,,,,0.0
8322788,168.0,138.0,48.0,5.0,48.0,0.0,400.0,0.0
8326548,294.0,124.0,,0.0,,,1.0,0.0
8325675,105.0,130.0,22.0,0.0,41.0,2.0,400.0,0.0
8326387,115.0,61.0,6.0,0.0,6.0,1.0,400.0,0.0
8321600,158.0,,,0.0,,,,0.0
8325105,144.0,103.0,49.0,0.0,49.0,0.0,1.0,0.0
8330498,182.0,,,0.0,,,,0.0
8329266,410.0,351.0,17.0,0.0,72.0,1.0,1.0,0.0
8325180,263.0,246.0,28.0,0.0,76.0,5.0,1.0,0.0
8328415,297.0,159.0,59.0,1.0,119.0,2.0,400.0,0.0
8330735,133.0,94.0,70.0,0.0,70.0,0.0,1.0,1.0
8329344,188.0,50.0,,0.0,,,1.0,0.0
8328254,273.0,191.0,23.0,0.0,23.0,0.0,400.0,0.0
8331158,,47.0,,0.0,,,60.0,
8330447,144.0,112.0,28.0,2.0,64.0,0.0,60.0,0.0
8322924,157.0,82.0,12.0,1.0,12.0,0.0,60.0,0.0
8327593,165.0,163.0,37.0,0.0,93.0,1.0,1.0,0.0
8322050,87.0,77.0,68.0,0.0,68.0,0.0,400.0,0.0
8326852,246.0,122.0,46.0,0.0,87.0,2.0,400.0,0.0
8329775,382.0,,,0.0,,,,0.0
8325453,20.0,15.0,,0.0,,,1.0,0.0
8322201,297.0,108.0,48.0,0.0,48.0,0.0,400.0,0.0
8332360,356.0,87.0,43.0,1.0,43.0,0.0,1.0,0.0
8329323,153.0,,,0.0,,,,0.0
8332750,214.0,172.0,53.0,0.0,102.0,2.0,1.0,0.0
8324140,236.0,10.0,,0.0,,,1.0,0.0
8329519,166.0,114.0,,1.0,,,400.0,0.0
8332785,83.0,39.0,39.0,0.0,39.0,1.0,400.0,0.0
8324256,91.0,,,1.0,,,,0.0
8324913,25.0,,,,,,,0.0
8328026,211.0,217.0,27.0,0.0,72.0,1.0,30.0,0.0
8321731,193.0,155.0,75.0,0.0,101.0,2.0,1.0,0.0
8323479,225.0,111.0,111.0,1.0,111.0,0.0,1.0,0.0
8331783,375.0,205.0,72.0,1.0,72.0,0.0,400.0,0.0
8327738,87.0,57.0,,0.0,,,1.0,0.0
8327187,214.0,203.0,28.0,0.0,47.0,1.0,1.0,0.0
8323779,238.0,221.0,42.0,0.0,42.0,0.0,400.0,1.0
8332776,26.0,25.0,,0.0,,,1.0,0.0
8322365,231.0,121.0,86.0,1.0,103.0,1.0,1.0,0.0
8323702,289.0,179.0,36.0,2.0,62.0,1.0,400.0,0.0
8327764,153.0,98.0,98.0,0.0,98.0,0.0,30.0,1.0
8324016,273.0,247.0,,0.0,,,400.0,0.0
8322306,310.0,354.0,29.0,0.0,88.0,1.0,400.0,0.0
8327031,81.0,55.0,,0.0,,,400.0,0.0
8326236,215.0,97.0,97.0,0.0,97.0,0.0,400.0,0.0
8330087,184.0,167.0,109.0,0.0,141.0,2.0,60.0,0.0
8330539,203.0,83.0,32.0,1.0,39.0,3.0,120.0,0.0
8332087,281.0,84.0,84.0,0.0,84.0,0.0,1.0,0.0
8324852,78.0,65.0,,0.0,,,1.0,0.0
8325905,324.0,124.0,65.0,0.0,65.0,0.0,120.0,1.0
8331248,169.0,,,1.0,,,,0.0
8322279,105.0,,,0.0,,,,0.0
8325433,354.0,,,0.0,,,1.0,0.0
8323802,374.0,180.0,22.0,5.0,105.0,3.0,30.0,0.0
8327066,2.0,,,0.0,,,,0.0
8325310,309.0,222.0,125.0,2.0,125.0,1.0,400.0,0.0
8325059,175.0,149.0,,0.0,,,1.0,0.0
8331327,92.0,88.0,,0.0,,,1.0,0.0
8323653,236.0,212.0,163.0,0.0,163.0,1.0,400.0,0.0
8323976,56.0,38.0,38.0,0.0,38.0,0.0,1.0,0.0
8330404,223.0,227.0,56.0,0.0,115.0,2.0,1.0,0.0
8331216,290.0,103.0,,1.0,,,400.0,0.0
8324564,335.0,98.0,59.0,2.0,63.0,1.0,400.0,0.0
8323398,239.0,,,0.0,,,1.0,0.0
8327716,178.0,179.0,32.0,0.0,80.0,1.0,1.0,0.0
8326985,81.0,81.0,20.0,0.0,47.0,2.0,400.0,0.0
8324546,277.0,123.0,44.0,2.0,44.0,1.0,1.0,0.0
8324095,155.0,,,,,,,0.0
8331110,198.0,71.0,67.0,0.0,67.0,0.0,1.0,0.0
8332462,351.0,113.0,89.0,0.0,94.0,0.0,30.0,0.0
8332013,90.0,99.0,,0.0,,,400.0,0.0
8332672,263.0,137.0,67.0,0.0,93.0,3.0,1.0,0.0
8332010,62.0,13.0,,0.0,,,1.0,0.0
8323450,64.0,65.0,,0.0,,,90.0,1.0
8321587,280.0,,,,,,,1.0
8324986,41.0,22.0,,0.0,,,30.0,0.0
8328867,264.0,134.0,73.0,0.0,73.0,0.0,1.0,0.0
8322873,86.0,77.0,,0.0,,,30.0,1.0
8326634,363.0,173.0,17.0,2.0,77.0,4.0,1.0,0.0
8322353,18.0,,,0.0,,,,0.0
8330157,278.0,226.0,,1.0,,,1.0,0.0
8330529,179.0,,,0.0,,,,0.0
8329693,55.0,54.0,,1.0,,,60.0,0.0
8324496,127.0,101.0,96.0,0.0,96.0,0.0,1.0,0.0
8329147,351.0,149.0,11.0,0.0,79.0,4.0,1.0,0.0
8328818,307.0,176.0,107.0,0.0,107.0,0.0,1.0,0.0
8325478,213.0,111.0,33.0,1.0,54.0,1.0,400.0,0.0
8332226,179.0,172.0,,2.0,,,1.0,0.0
8323521,365.0,125.0,,0.0,,,1.0,0.0
8332310,373.0,158.0,24.0,2.0,65.0,4.0,400.0,0.0
8325516,23.0,24.0,24.0,0.0,24.0,1.0,90.0,0.0
8332184,322.0,203.0,21.0,3.0,103.0,2.0,1.0,0.0
8324483,146.0,110.0,86.0,0.0,98.0,1.0,1.0,0.0
8327144,144.0,56.0,,1.0,,,400.0,1.0
8324751,153.0,31.0,,1.0,,,400.0,0.0
8330026,349.0,140.0,26.0,0.0,60.0,2.0,400.0,0.0
8327885,337.0,125.0,49.0,0.0,87.0,0.0,400.0,0.0
8331787,68.0,64.0,,0.0,,,400.0,0.0
8332748,47.0,43.0,,1.0,,,400.0,0.0
8330451,87.0,72.0,,0.0,,,400.0,1.0
8326406,11.0,12.0,12.0,0.0,12.0,1.0,1.0,0.0
8327271,96.0,49.0,,1.0,,,1.0,0.0
8324758,205.0,124.0,98.0,0.0,98.0,0.0,1.0,0.0
8325165,244.0,250.0,98.0,0.0,110.0,0.0,1.0,0.0
8326502,16.0,,,2.0,,,,0.0
8325828,128.0,88.0,,0.0,,,1.0,0.0
8328067,343.0,116.0,83.0,0.0,83.0,0.0,1.0,0.0
8332215,263.0,,,0.0,,,,0.0
8332145,170.0,110.0,,0.0,,,1.0,0.0
8329573,312.0,209.0,2.0,0.0,57.0,1.0,1.0,0.0
8324440,159.0,134.0,89.0,0.0,93.0,0.0,1.0,0.0
8322874,143.0,127.0,88.0,0.0,104.0,0.0,1.0,0.0
8327902,313.0,155.0,83.0,0.0,83.0,0.0,30.0,0.0
